X_Cu;X_Al;a-Al(700);a-Cu(700)
0;1;0.9991;1.80E-05
0.001;0.999;0.99900041;1.81E-05
0.002;0.998;0.99800162;3.62E-05
0.003;0.997;0.99700357;5.42E-05
0.004;0.996;0.99600623;7.22E-05
0.005;0.995;0.99500954;9.02E-05
0.006;0.994;0.99401348;0.000108216
0.007;0.993;0.99301798;0.000126165
0.008;0.992;0.99202302;0.000144091
0.009;0.991;0.99102853;0.000161997
0.01;0.99;0.99003449;0.000179883
0.011;0.989;0.98904085;0.000197751
0.012;0.988;0.98804755;0.000215602
0.013;0.987;0.98705457;0.000233436
0.014;0.986;0.98606185;0.000251256
0.015;0.985;0.98506935;0.000269063
0.016;0.984;0.98407703;0.000286857
0.017;0.983;0.98308485;0.000304639
0.018;0.982;0.98209275;0.000322412
0.019;0.981;0.98110071;0.000340175
0.02;0.98;0.98010867;0.000357931
0.021;0.979;0.97911659;0.00037568
0.022;0.978;0.97812444;0.000393424
0.023;0.977;0.97713216;0.000411164
0.024;0.976;0.97613971;0.0004289
0.025;0.975;0.97514705;0.000446634
0.026;0.974;0.97415414;0.000464367
0.027;0.973;0.97316094;0.000482101
0.028;0.972;0.9721674;0.000499836
0.029;0.971;0.97117348;0.000517574
0.03;0.97;0.97017914;0.000535315
0.031;0.969;0.96918433;0.000553061
0.032;0.968;0.96818902;0.000570814
0.033;0.967;0.96719316;0.000588573
0.034;0.966;0.96619671;0.000606341
0.035;0.965;0.96519963;0.000624118
0.036;0.964;0.96420187;0.000641905
0.037;0.963;0.96320339;0.000659705
0.038;0.962;0.96220416;0.000677517
0.039;0.961;0.96120413;0.000695343
0.04;0.96;0.96020326;0.000713184
0.041;0.959;0.95920151;0.000731041
0.042;0.958;0.95819883;0.000748916
0.043;0.957;0.95719519;0.000766809
0.044;0.956;0.95619054;0.000784722
0.045;0.955;0.95518485;0.000802656
0.046;0.954;0.95417806;0.000820612
0.047;0.953;0.95317015;0.00083859
0.048;0.952;0.95216107;0.000856593
0.049;0.951;0.95115078;0.000874622
0.05;0.95;0.95013924;0.000892676
0.051;0.949;0.94912641;0.000910759
0.052;0.948;0.94811224;0.00092887
0.053;0.947;0.94709671;0.000947011
0.054;0.946;0.94607976;0.000965183
0.055;0.945;0.94506136;0.000983387
0.056;0.944;0.94404146;0.001001625
0.057;0.943;0.94302004;0.001019897
0.058;0.942;0.94199704;0.001038205
0.059;0.941;0.94097243;0.00105655
0.06;0.94;0.93994618;0.001074932
0.061;0.939;0.93891823;0.001093354
0.062;0.938;0.93788855;0.001111816
0.063;0.937;0.9368571;0.00113032
0.064;0.936;0.93582385;0.001148866
0.065;0.935;0.93478875;0.001167456
0.066;0.934;0.93375176;0.001186091
0.067;0.933;0.93271285;0.001204772
0.068;0.932;0.93167197;0.001223501
0.069;0.931;0.9306291;0.001242278
0.07;0.93;0.92958418;0.001261105
0.071;0.929;0.92853719;0.001279982
0.072;0.928;0.92748808;0.001298912
0.073;0.927;0.92643681;0.001317895
0.074;0.926;0.92538336;0.001336933
0.075;0.925;0.92432767;0.001356026
0.076;0.924;0.92326972;0.001375176
0.077;0.923;0.92220946;0.001394384
0.078;0.922;0.92114686;0.001413651
0.079;0.921;0.92008189;0.00143298
0.08;0.92;0.91901449;0.001452369
0.081;0.919;0.91794464;0.001471822
0.082;0.918;0.9168723;0.001491339
0.083;0.917;0.91579744;0.001510922
0.084;0.916;0.91472001;0.001530571
0.085;0.915;0.91363999;0.001550288
0.086;0.914;0.91255732;0.001570074
0.087;0.913;0.91147199;0.001589931
0.088;0.912;0.91038395;0.00160986
0.089;0.911;0.90929316;0.001629861
0.09;0.91;0.9081996;0.001649937
0.091;0.909;0.90710322;0.001670089
0.092;0.908;0.90600399;0.001690317
0.093;0.907;0.90490188;0.001710623
0.094;0.906;0.90379685;0.001731009
0.095;0.905;0.90268886;0.001751475
0.096;0.904;0.90157789;0.001772024
0.097;0.903;0.90046389;0.001792656
0.098;0.902;0.89934684;0.001813372
0.099;0.901;0.89822669;0.001834175
0.1;0.9;0.89710342;0.001855065
0.101;0.899;0.89597698;0.001876043
0.102;0.898;0.89484736;0.001897112
0.103;0.897;0.89371451;0.001918272
0.104;0.896;0.89257839;0.001939525
0.105;0.895;0.89143899;0.001960872
0.106;0.894;0.89029626;0.001982314
0.107;0.893;0.88915017;0.002003853
0.108;0.892;0.88800069;0.002025491
0.109;0.891;0.88684779;0.002047228
0.11;0.89;0.88569144;0.002069066
0.111;0.889;0.88453159;0.002091007
0.112;0.888;0.88336823;0.002113052
0.113;0.887;0.88220132;0.002135202
0.114;0.886;0.88103083;0.002157459
0.115;0.885;0.87985672;0.002179825
0.116;0.884;0.87867897;0.0022023
0.117;0.883;0.87749755;0.002224886
0.118;0.882;0.87631242;0.002247585
0.119;0.881;0.87512356;0.002270398
0.12;0.88;0.87393093;0.002293326
0.121;0.879;0.87273451;0.002316372
0.122;0.878;0.87153427;0.002339537
0.123;0.877;0.87033017;0.002362822
0.124;0.876;0.86912219;0.002386228
0.125;0.875;0.86791029;0.002409758
0.126;0.874;0.86669446;0.002433413
0.127;0.873;0.86547466;0.002457194
0.128;0.872;0.86425086;0.002481103
0.129;0.871;0.86302303;0.002505142
0.13;0.87;0.86179115;0.002529312
0.131;0.869;0.8605552;0.002553614
0.132;0.868;0.85931513;0.002578051
0.133;0.867;0.85807093;0.002602624
0.134;0.866;0.85682257;0.002627335
0.135;0.865;0.85557002;0.002652185
0.136;0.864;0.85431325;0.002677176
0.137;0.863;0.85305225;0.00270231
0.138;0.862;0.85178698;0.002727588
0.139;0.861;0.85051741;0.002753013
0.14;0.86;0.84924353;0.002778585
0.141;0.859;0.84796531;0.002804306
0.142;0.858;0.84668272;0.002830179
0.143;0.857;0.84539574;0.002856205
0.144;0.856;0.84410435;0.002882386
0.145;0.855;0.84280851;0.002908723
0.146;0.854;0.84150822;0.002935218
0.147;0.853;0.84020343;0.002961874
0.148;0.852;0.83889414;0.002988691
0.149;0.851;0.83758031;0.003015673
0.15;0.85;0.83626193;0.00304282
0.151;0.849;0.83493898;0.003070134
0.152;0.848;0.83361142;0.003097618
0.153;0.847;0.83227924;0.003125273
0.154;0.846;0.83094242;0.003153101
0.155;0.845;0.82960094;0.003181105
0.156;0.844;0.82825477;0.003209285
0.157;0.843;0.8269039;0.003237644
0.158;0.842;0.82554831;0.003266184
0.159;0.841;0.82418797;0.003294908
0.16;0.84;0.82282286;0.003323816
0.161;0.839;0.82145298;0.00335291
0.162;0.838;0.82007829;0.003382194
0.163;0.837;0.81869878;0.003411669
0.164;0.836;0.81731443;0.003441337
0.165;0.835;0.81592523;0.0034712
0.166;0.834;0.81453114;0.00350126
0.167;0.833;0.81313217;0.003531519
0.168;0.832;0.81172829;0.00356198
0.169;0.831;0.81031949;0.003592645
0.17;0.83;0.80890574;0.003623515
0.171;0.829;0.80748703;0.003654593
0.172;0.828;0.80606335;0.003685881
0.173;0.827;0.80463468;0.003717381
0.174;0.826;0.80320101;0.003749096
0.175;0.825;0.80176232;0.003781028
0.176;0.824;0.8003186;0.003813179
0.177;0.823;0.79886983;0.003845551
0.178;0.822;0.797416;0.003878147
0.179;0.821;0.79595709;0.003910969
0.18;0.82;0.7944931;0.00394402
0.181;0.819;0.79302402;0.003977301
0.182;0.818;0.79154982;0.004010815
0.183;0.817;0.7900705;0.004044564
0.184;0.816;0.78858604;0.004078552
0.185;0.815;0.78709644;0.00411278
0.186;0.814;0.78560168;0.004147251
0.187;0.813;0.78410176;0.004181967
0.188;0.812;0.78259666;0.004216931
0.189;0.811;0.78108638;0.004252145
0.19;0.81;0.7795709;0.004287613
0.191;0.809;0.77805022;0.004323335
0.192;0.808;0.77652433;0.004359316
0.193;0.807;0.77499322;0.004395558
0.194;0.806;0.77345688;0.004432063
0.195;0.805;0.7719153;0.004468835
0.196;0.804;0.77036849;0.004505875
0.197;0.803;0.76881643;0.004543186
0.198;0.802;0.76725911;0.004580772
0.199;0.801;0.76569654;0.004618635
0.2;0.8;0.7641287;0.004656777
0.201;0.799;0.76255559;0.004695202
0.202;0.798;0.76097721;0.004733913
0.203;0.797;0.75939355;0.004772912
0.204;0.796;0.75780461;0.004812201
0.205;0.795;0.75621038;0.004851786
0.206;0.794;0.75461087;0.004891667
0.207;0.793;0.75300607;0.004931848
0.208;0.792;0.75139597;0.004972332
0.209;0.791;0.74978059;0.005013122
0.21;0.79;0.74815991;0.005054221
0.211;0.789;0.74653394;0.005095632
0.212;0.788;0.74490267;0.005137359
0.213;0.787;0.74326611;0.005179404
0.214;0.786;0.74162425;0.00522177
0.215;0.785;0.7399771;0.005264461
0.216;0.784;0.73832466;0.00530748
0.217;0.783;0.73666694;0.00535083
0.218;0.782;0.73500392;0.005394515
0.219;0.781;0.73333562;0.005438537
0.22;0.78;0.73166204;0.005482901
0.221;0.779;0.72998319;0.005527609
0.222;0.778;0.72829906;0.005572664
0.223;0.777;0.72660966;0.005618071
0.224;0.776;0.724915;0.005663833
0.225;0.775;0.72321509;0.005709953
0.226;0.774;0.72150992;0.005756434
0.227;0.773;0.71979951;0.005803281
0.228;0.772;0.71808386;0.005850497
0.229;0.771;0.71636297;0.005898085
0.23;0.77;0.71463687;0.005946049
0.231;0.769;0.71290555;0.005994394
0.232;0.768;0.71116903;0.006043121
0.233;0.767;0.70942731;0.006092236
0.234;0.766;0.7076804;0.006141742
0.235;0.765;0.70592831;0.006191643
0.236;0.764;0.70417106;0.006241943
0.237;0.763;0.70240866;0.006292645
0.238;0.762;0.70064111;0.006343754
0.239;0.761;0.69886843;0.006395273
0.24;0.76;0.69709063;0.006447207
0.241;0.759;0.69530772;0.006499559
0.242;0.758;0.69351972;0.006552334
0.243;0.757;0.69172664;0.006605536
0.244;0.756;0.6899285;0.006659169
0.245;0.755;0.68812531;0.006713237
0.246;0.754;0.68631708;0.006767744
0.247;0.753;0.68450383;0.006822694
0.248;0.752;0.68268559;0.006878093
0.249;0.751;0.68086235;0.006933944
0.25;0.75;0.67903415;0.006990251
0.251;0.749;0.677201;0.00704702
0.252;0.748;0.67536291;0.007104254
0.253;0.747;0.67351991;0.007161958
0.254;0.746;0.67167202;0.007220137
0.255;0.745;0.66981925;0.007278795
0.256;0.744;0.66796163;0.007337937
0.257;0.743;0.66609917;0.007397567
0.258;0.742;0.6642319;0.007457691
0.259;0.741;0.66235983;0.007518312
0.26;0.74;0.660483;0.007579437
0.261;0.739;0.65860142;0.007641069
0.262;0.738;0.65671512;0.007703214
0.263;0.737;0.65482411;0.007765876
0.264;0.736;0.65292843;0.007829061
0.265;0.735;0.6510281;0.007892773
0.266;0.734;0.64912314;0.007957018
0.267;0.733;0.64721358;0.008021801
0.268;0.732;0.64529944;0.008087127
0.269;0.731;0.64338075;0.008153002
0.27;0.73;0.64145754;0.00821943
0.271;0.729;0.63952984;0.008286416
0.272;0.728;0.63759767;0.008353967
0.273;0.727;0.63566106;0.008422088
0.274;0.726;0.63372004;0.008490784
0.275;0.725;0.63177464;0.008560061
0.276;0.724;0.62982489;0.008629924
0.277;0.723;0.62787081;0.008700379
0.278;0.722;0.62591245;0.008771432
0.279;0.721;0.62394983;0.008843088
0.28;0.72;0.62198298;0.008915353
0.281;0.719;0.62001194;0.008988234
0.282;0.718;0.61803674;0.009061736
0.283;0.717;0.6160574;0.009135864
0.284;0.716;0.61407397;0.009210626
0.285;0.715;0.61208648;0.009286027
0.286;0.714;0.61009497;0.009362073
0.287;0.713;0.60809946;0.00943877
0.288;0.712;0.6061;0.009516125
0.289;0.711;0.60409661;0.009594145
0.29;0.71;0.60208934;0.009672834
0.291;0.709;0.60007823;0.009752201
0.292;0.708;0.59806331;0.009832251
0.293;0.707;0.59604461;0.009912991
0.294;0.706;0.59402218;0.009994427
0.295;0.705;0.59199606;0.010076567
0.296;0.704;0.58996628;0.010159416
0.297;0.703;0.58793289;0.010242983
0.298;0.702;0.58589592;0.010327273
0.299;0.701;0.58385542;0.010412293
0.3;0.7;0.58181142;0.010498051
0.301;0.699;0.57976397;0.010584554
0.302;0.698;0.57771311;0.010671809
0.303;0.697;0.57565889;0.010759823
0.304;0.696;0.57360133;0.010848603
0.305;0.695;0.5715405;0.010938157
0.306;0.694;0.56947643;0.011028492
0.307;0.693;0.56740916;0.011119615
0.308;0.692;0.56533875;0.011211535
0.309;0.691;0.56326523;0.011304258
0.31;0.69;0.56118865;0.011397792
0.311;0.689;0.55910906;0.011492146
0.312;0.688;0.5570265;0.011587327
0.313;0.687;0.55494102;0.011683343
0.314;0.686;0.55285267;0.011780202
0.315;0.685;0.5507615;0.011877911
0.316;0.684;0.54866754;0.01197648
0.317;0.683;0.54657086;0.012075917
0.318;0.682;0.5444715;0.012176229
0.319;0.681;0.54236951;0.012277425
0.32;0.68;0.54026493;0.012379513
0.321;0.679;0.53815783;0.012482502
0.322;0.678;0.53604824;0.012586402
0.323;0.677;0.53393622;0.012691219
0.324;0.676;0.53182182;0.012796964
0.325;0.675;0.5297051;0.012903644
0.326;0.674;0.5275861;0.013011269
0.327;0.673;0.52546488;0.013119849
0.328;0.672;0.52334148;0.013229391
0.329;0.671;0.52121597;0.013339906
0.33;0.67;0.5190884;0.013451402
0.331;0.669;0.51695881;0.013563889
0.332;0.668;0.51482727;0.013677376
0.333;0.667;0.51269382;0.013791873
0.334;0.666;0.51055853;0.01390739
0.335;0.665;0.50842145;0.014023936
0.336;0.664;0.50628263;0.014141521
0.337;0.663;0.50414213;0.014260155
0.338;0.662;0.502;0.014379848
0.339;0.661;0.49985631;0.01450061
0.34;0.66;0.4977111;0.014622451
0.341;0.659;0.49556444;0.014745382
0.342;0.658;0.49341639;0.014869412
0.343;0.657;0.491267;0.014994554
0.344;0.656;0.48911632;0.015120816
0.345;0.655;0.48696443;0.015248209
0.346;0.654;0.48481137;0.015376745
0.347;0.653;0.4826572;0.015506435
0.348;0.652;0.48050199;0.015637288
0.349;0.651;0.4783458;0.015769317
0.35;0.65;0.47618867;0.015902532
0.351;0.649;0.47403069;0.016036946
0.352;0.648;0.47187189;0.016172568
0.353;0.647;0.46971235;0.016309411
0.354;0.646;0.46755213;0.016447486
0.355;0.645;0.46539129;0.016586806
0.356;0.644;0.46322988;0.016727381
0.357;0.643;0.46106797;0.016869223
0.358;0.642;0.45890563;0.017012346
0.359;0.641;0.45674291;0.017156761
0.36;0.64;0.45457987;0.017302479
0.361;0.639;0.45241659;0.017449514
0.362;0.638;0.45025311;0.017597879
0.363;0.637;0.44808951;0.017747584
0.364;0.636;0.44592585;0.017898644
0.365;0.635;0.44376219;0.018051072
0.366;0.634;0.44159859;0.018204879
0.367;0.633;0.43943512;0.01836008
0.368;0.632;0.43727185;0.018516687
0.369;0.631;0.43510883;0.018674714
0.37;0.63;0.43294613;0.018834174
0.371;0.629;0.43078381;0.018995081
0.372;0.628;0.42862195;0.019157448
0.373;0.627;0.4264606;0.019321289
0.374;0.626;0.42429982;0.019486619
0.375;0.625;0.42213969;0.019653451
0.376;0.624;0.41998027;0.019821799
0.377;0.623;0.41782163;0.019991678
0.378;0.622;0.41566382;0.020163102
0.379;0.621;0.41350692;0.020336086
0.38;0.62;0.41135099;0.020510645
0.381;0.619;0.4091961;0.020686792
0.382;0.618;0.4070423;0.020864545
0.383;0.617;0.40488968;0.021043916
0.384;0.616;0.40273829;0.021224923
0.385;0.615;0.4005882;0.021407579
0.386;0.614;0.39843947;0.021591902
0.387;0.613;0.39629218;0.021777905
0.388;0.612;0.39414638;0.021965606
0.389;0.611;0.39200215;0.02215502
0.39;0.61;0.38985955;0.022346163
0.391;0.609;0.38771865;0.022539052
0.392;0.608;0.38557951;0.022733703
0.393;0.607;0.3834422;0.022930132
0.394;0.606;0.38130678;0.023128357
0.395;0.605;0.38014046;0.023237465
0.396;0.604;0.38014046;0.023237465
0.397;0.603;0.38014046;0.023237465
0.398;0.602;0.38014046;0.023237465
0.399;0.601;0.38014046;0.023237465
0.4;0.6;0.38014046;0.023237465
0.401;0.599;0.38014046;0.023237465
0.402;0.598;0.38014046;0.023237465
0.403;0.597;0.38014046;0.023237465
0.404;0.596;0.38014046;0.023237465
0.405;0.595;0.38014046;0.023237465
0.406;0.594;0.38014046;0.023237465
0.407;0.593;0.38014046;0.023237465
0.408;0.592;0.38014046;0.023237465
0.409;0.591;0.38014046;0.023237465
0.41;0.59;0.38014046;0.023237465
0.411;0.589;0.38014046;0.023237465
0.412;0.588;0.38014046;0.023237465
0.413;0.587;0.38014046;0.023237465
0.414;0.586;0.38014046;0.023237465
0.415;0.585;0.38014046;0.023237465
0.416;0.584;0.38014046;0.023237465
0.417;0.583;0.38014046;0.023237465
0.418;0.582;0.38014046;0.023237465
0.419;0.581;0.38014046;0.023237465
0.42;0.58;0.38014046;0.023237465
0.421;0.579;0.38014046;0.023237465
0.422;0.578;0.38014046;0.023237465
0.423;0.577;0.38014046;0.023237465
0.424;0.576;0.38014046;0.023237465
0.425;0.575;0.38014046;0.023237465
0.426;0.574;0.38014046;0.023237465
0.427;0.573;0.38014046;0.023237465
0.428;0.572;0.38014046;0.023237465
0.429;0.571;0.38014046;0.023237465
0.43;0.57;0.38014046;0.023237465
0.431;0.569;0.38014046;0.023237465
0.432;0.568;0.38014046;0.023237465
0.433;0.567;0.38014046;0.023237465
0.434;0.566;0.38014046;0.023237465
0.435;0.565;0.38014046;0.023237465
0.436;0.564;0.38014046;0.023237465
0.437;0.563;0.38014046;0.023237465
0.438;0.562;0.38014046;0.023237465
0.439;0.561;0.38014046;0.023237465
0.44;0.56;0.38014046;0.023237465
0.441;0.559;0.38014046;0.023237465
0.442;0.558;0.38014046;0.023237465
0.443;0.557;0.38014046;0.023237465
0.444;0.556;0.38014046;0.023237465
0.445;0.555;0.38014046;0.023237465
0.446;0.554;0.38014046;0.023237465
0.447;0.553;0.38014046;0.023237465
0.448;0.552;0.38014046;0.023237465
0.449;0.551;0.38014046;0.023237465
0.45;0.55;0.38014046;0.023237465
0.451;0.549;0.38014046;0.023237465
0.452;0.548;0.38014046;0.023237465
0.453;0.547;0.38014046;0.023237465
0.454;0.546;0.38014046;0.023237465
0.455;0.545;0.38014046;0.023237465
0.456;0.544;0.38014046;0.023237465
0.457;0.543;0.38014046;0.023237465
0.458;0.542;0.38014046;0.023237465
0.459;0.541;0.38014046;0.023237465
0.46;0.54;0.38014046;0.023237465
0.461;0.539;0.38014046;0.023237465
0.462;0.538;0.38014046;0.023237465
0.463;0.537;0.38014046;0.023237465
0.464;0.536;0.38014046;0.023237465
0.465;0.535;0.38014046;0.023237465
0.466;0.534;0.38014046;0.023237465
0.467;0.533;0.38014046;0.023237465
0.468;0.532;0.38014046;0.023237465
0.469;0.531;0.38014046;0.023237465
0.47;0.53;0.38014046;0.023237465
0.471;0.529;0.38014046;0.023237465
0.472;0.528;0.38014046;0.023237465
0.473;0.527;0.38014046;0.023237465
0.474;0.526;0.38014046;0.023237465
0.475;0.525;0.38014046;0.023237465
0.476;0.524;0.38014046;0.023237465
0.477;0.523;0.38014046;0.023237465
0.478;0.522;0.38014046;0.023237465
0.479;0.521;0.38014046;0.023237465
0.48;0.52;0.38014046;0.023237465
0.481;0.519;0.38014046;0.023237465
0.482;0.518;0.38014046;0.023237465
0.483;0.517;0.38014046;0.023237465
0.484;0.516;0.38014046;0.023237465
0.485;0.515;0.38014046;0.023237465
0.486;0.514;0.38014046;0.023237465
0.487;0.513;0.38014046;0.023237465
0.488;0.512;0.38014046;0.023237465
0.489;0.511;0.38014046;0.023237465
0.49;0.51;0.38014046;0.023237465
0.491;0.509;0.38014046;0.023237465
0.492;0.508;0.38014046;0.023237465
0.493;0.507;0.38014046;0.023237465
0.494;0.506;0.38014046;0.023237465
0.495;0.505;0.38014046;0.023237465
0.496;0.504;0.38014046;0.023237465
0.497;0.503;0.38014046;0.023237465
0.498;0.502;0.38014046;0.023237465
0.499;0.501;0.38014046;0.023237465
0.5;0.5;0.38014046;0.023237465
0.501;0.499;0.38014046;0.023237465
0.502;0.498;0.38014046;0.023237465
0.503;0.497;0.38014046;0.023237465
0.504;0.496;0.38014046;0.023237465
0.505;0.495;0.38014046;0.023237465
0.506;0.494;0.38014046;0.023237465
0.507;0.493;0.38014046;0.023237465
0.508;0.492;0.38014046;0.023237465
0.509;0.491;0.38014046;0.023237465
0.51;0.49;0.38014046;0.023237465
0.511;0.489;0.38014046;0.023237465
0.512;0.488;0.38014046;0.023237465
0.513;0.487;0.38014046;0.023237465
0.514;0.486;0.38014046;0.023237465
0.515;0.485;0.38014046;0.023237465
0.516;0.484;0.38014046;0.023237465
0.517;0.483;0.38014046;0.023237465
0.518;0.482;0.38014046;0.023237465
0.519;0.481;0.38014046;0.023237465
0.52;0.48;0.38014046;0.023237465
0.521;0.479;0.38014046;0.023237465
0.522;0.478;0.38014046;0.023237465
0.523;0.477;0.38014046;0.023237465
0.524;0.476;0.38014046;0.023237465
0.525;0.475;0.38014046;0.023237465
0.526;0.474;0.38014046;0.023237465
0.527;0.473;0.38014046;0.023237465
0.528;0.472;0.38014046;0.023237465
0.529;0.471;0.38014046;0.023237465
0.53;0.47;0.38014046;0.023237465
0.531;0.469;0.38014046;0.023237465
0.532;0.468;0.38014046;0.023237465
0.533;0.467;0.38014046;0.023237465
0.534;0.466;0.38014046;0.023237465
0.535;0.465;0.38014046;0.023237465
0.536;0.464;0.38014046;0.023237465
0.537;0.463;0.38014046;0.023237465
0.538;0.462;0.38014046;0.023237465
0.539;0.461;0.38014046;0.023237465
0.54;0.46;0.38014046;0.023237465
0.541;0.459;0.38014046;0.023237465
0.542;0.458;0.38014046;0.023237465
0.543;0.457;0.38014046;0.023237465
0.544;0.456;0.38014046;0.023237465
0.545;0.455;0.38014046;0.023237465
0.546;0.454;0.38014046;0.023237465
0.547;0.453;0.38014046;0.023237465
0.548;0.452;0.38014046;0.023237465
0.549;0.451;0.38014046;0.023237465
0.55;0.45;0.38014046;0.023237465
0.551;0.449;0.38014046;0.023237465
0.552;0.448;0.36855432;0.023829263
0.553;0.447;0.34805125;0.024960008
0.554;0.446;0.3286788;0.026140158
0.555;0.445;0.31037167;0.027371915
0.556;0.444;0.29306858;0.028657607
0.557;0.443;0.276712;0.029999689
0.558;0.442;0.26124796;0.031400751
0.559;0.441;0.24662584;0.032863523
0.56;0.44;0.23279815;0.034390886
0.561;0.439;0.21972032;0.035985877
0.562;0.438;0.20735054;0.037651699
0.563;0.437;0.19564956;0.039391728
0.564;0.436;0.1845805;0.041209525
0.565;0.435;0.17410872;0.043108847
0.566;0.434;0.16420165;0.045093655
0.567;0.433;0.15482867;0.047168131
0.568;0.432;0.14596095;0.049336687
0.569;0.431;0.13757137;0.051603981
0.57;0.43;0.12963435;0.053974933
0.571;0.429;0.1221258;0.056454737
0.572;0.428;0.11502302;0.059048884
0.573;0.427;0.10830455;0.061763177
0.574;0.426;0.10195015;0.064603749
0.575;0.425;0.095940732;0.067577091
0.576;0.424;0.090508317;0.070546211
0.577;0.423;0.090508317;0.070546211
0.578;0.422;0.090508317;0.070546211
0.579;0.421;0.090508317;0.070546211
0.58;0.42;0.090508317;0.070546211
0.581;0.419;0.090508317;0.070546211
0.582;0.418;0.090508317;0.070546211
0.583;0.417;0.090508317;0.070546211
0.584;0.416;0.090508317;0.070546211
0.585;0.415;0.090508317;0.070546211
0.586;0.414;0.090508317;0.070546211
0.587;0.413;0.090508317;0.070546211
0.588;0.412;0.090508317;0.070546211
0.589;0.411;0.090508317;0.070546211
0.59;0.41;0.090508317;0.070546211
0.591;0.409;0.090508317;0.070546211
0.592;0.408;0.090508317;0.070546211
0.593;0.407;0.090508317;0.070546211
0.594;0.406;0.090508317;0.070546211
0.595;0.405;0.090508317;0.070546211
0.596;0.404;0.090508317;0.070546211
0.597;0.403;0.090508317;0.070546211
0.598;0.402;0.090508317;0.070546211
0.599;0.401;0.090508317;0.070546211
0.6;0.4;0.090508317;0.070546211
0.601;0.399;0.090508317;0.070546211
0.602;0.398;0.090508317;0.070546211
0.603;0.397;0.090508317;0.070546211
0.604;0.396;0.090508317;0.070546211
0.605;0.395;0.090508317;0.070546211
0.606;0.394;0.090508317;0.070546211
0.607;0.393;0.090508317;0.070546211
0.608;0.392;0.090508317;0.070546211
0.609;0.391;0.090508317;0.070546211
0.61;0.39;0.090508317;0.070546211
0.611;0.389;0.090508317;0.070546211
0.612;0.388;0.090508317;0.070546211
0.613;0.387;0.090508317;0.070546211
0.614;0.386;0.090508317;0.070546211
0.615;0.385;0.090508317;0.070546211
0.616;0.384;0.090508317;0.070546211
0.617;0.383;0.090508317;0.070546211
0.618;0.382;0.090508317;0.070546211
0.619;0.381;0.090508317;0.070546211
0.62;0.38;0.090508317;0.070546211
0.621;0.379;0.090508317;0.070546211
0.622;0.378;0.090508317;0.070546211
0.623;0.377;0.090508317;0.070546211
0.624;0.376;0.090508317;0.070546211
0.625;0.375;0.090508317;0.070546211
0.626;0.374;0.090508317;0.070546211
0.627;0.373;0.090508317;0.070546211
0.628;0.372;0.090508317;0.070546211
0.629;0.371;0.090508317;0.070546211
0.63;0.37;0.090508317;0.070546211
0.631;0.369;0.086436935;0.072474554
0.632;0.368;0.082255578;0.07460218
0.633;0.367;0.078436555;0.076691651
0.634;0.366;0.074928812;0.078748716
0.635;0.365;0.071690743;0.080778441
0.636;0.364;0.068688062;0.082785343
0.637;0.363;0.065892228;0.084773497
0.638;0.362;0.063279267;0.086746617
0.639;0.361;0.060828875;0.088708125
0.64;0.36;0.058523725;0.090661208
0.641;0.359;0.05634893;0.092608862
0.642;0.358;0.054291616;0.094553933
0.643;0.357;0.052340588;0.096499151
0.644;0.356;0.050486052;0.098447158
0.645;0.355;0.048719402;0.10040054
0.646;0.354;0.047033034;0.10236183
0.647;0.353;0.045420205;0.10433358
0.648;0.352;0.043874906;0.10631831
0.649;0.351;0.042391762;0.10831859
0.65;0.35;0.040965948;0.11033704
0.651;0.349;0.039593115;0.11237633
0.652;0.348;0.038269329;0.11443925
0.653;0.347;0.036991022;0.11652866
0.654;0.346;0.035754945;0.1186476
0.655;0.345;0.034558129;0.12079924
0.656;0.344;0.033397856;0.12298694
0.657;0.343;0.032271627;0.12521429
0.658;0.342;0.031177135;0.12748515
0.659;0.341;0.03011225;0.12980363
0.66;0.34;0.029074991;0.13217423
0.661;0.339;0.028063517;0.1346018
0.662;0.338;0.027076103;0.13709166
0.663;0.337;0.026111135;0.13964966
0.664;0.336;0.025167089;0.14228225
0.665;0.335;0.024242527;0.14499657
0.666;0.334;0.02333608;0.14780059
0.667;0.333;0.022446443;0.15070326
0.668;0.332;0.021572362;0.15371462
0.669;0.331;0.020712624;0.15684611
0.67;0.33;0.019866052;0.16011071
0.671;0.329;0.019031491;0.16352337
0.672;0.328;0.018207802;0.16710133
0.673;0.327;0.017393849;0.17086467
0.674;0.326;0.016588486;0.17483696
0.675;0.325;0.015790549;0.17904611
0.676;0.324;0.014998836;0.18352548
0.677;0.323;0.014212088;0.18831539
0.678;0.322;0.013428973;0.19346514
0.679;0.321;0.012648049;0.1990359
0.68;0.32;0.011867732;0.20510466
0.681;0.319;0.011086246;0.21177013
0.682;0.318;0.010301553;0.2191615
0.683;0.317;0.009511256;0.22745205
0.684;0.316;0.00871246;0.23688106
0.685;0.315;0.007901549;0.24779108
0.686;0.314;0.00707384;0.26069491
0.687;0.313;0.00622298;0.27640601
0.688;0.312;0.005339825;0.29631898
0.689;0.311;0.00441012;0.32310404
0.69;0.31;0.004242674;0.32879662
0.691;0.309;0.004242674;0.32879662
0.692;0.308;0.004242674;0.32879662
0.693;0.307;0.004242674;0.32879662
0.694;0.306;0.004242674;0.32879662
0.695;0.305;0.004242674;0.32879662
0.696;0.304;0.004242674;0.32879662
0.697;0.303;0.004242674;0.32879662
0.698;0.302;0.004242674;0.32879662
0.699;0.301;0.004242674;0.32879662
0.7;0.3;0.004242674;0.32879662
0.701;0.299;0.004242674;0.32879662
0.702;0.298;0.004242674;0.32879662
0.703;0.297;0.004242674;0.32879662
0.704;0.296;0.004242674;0.32879662
0.705;0.295;0.004242674;0.32879662
0.706;0.294;0.004242674;0.32879662
0.707;0.293;0.004242674;0.32879662
0.708;0.292;0.004242674;0.32879662
0.709;0.291;0.004242674;0.32879662
0.71;0.29;0.004242674;0.32879662
0.711;0.289;0.004242674;0.32879662
0.712;0.288;0.004242674;0.32879662
0.713;0.287;0.004242674;0.32879662
0.714;0.286;0.004242674;0.32879662
0.715;0.285;0.004242674;0.32879662
0.716;0.284;0.004242674;0.32879662
0.717;0.283;0.004242674;0.32879662
0.718;0.282;0.004242674;0.32879662
0.719;0.281;0.004242674;0.32879662
0.72;0.28;0.004242674;0.32879662
0.721;0.279;0.004242674;0.32879662
0.722;0.278;0.004242674;0.32879662
0.723;0.277;0.004242674;0.32879662
0.724;0.276;0.004242674;0.32879662
0.725;0.275;0.004242674;0.32879662
0.726;0.274;0.004242674;0.32879662
0.727;0.273;0.004242674;0.32879662
0.728;0.272;0.004242674;0.32879662
0.729;0.271;0.004242674;0.32879662
0.73;0.27;0.004242674;0.32879662
0.731;0.269;0.004242674;0.32879662
0.732;0.268;0.004242674;0.32879662
0.733;0.267;0.004242674;0.32879662
0.734;0.266;0.004242674;0.32879662
0.735;0.265;0.004242674;0.32879662
0.736;0.264;0.004242674;0.32879662
0.737;0.263;0.004242674;0.32879662
0.738;0.262;0.004242674;0.32879662
0.739;0.261;0.004242674;0.32879662
0.74;0.26;0.004242674;0.32879662
0.741;0.259;0.004242674;0.32879662
0.742;0.258;0.004242674;0.32879662
0.743;0.257;0.004242674;0.32879662
0.744;0.256;0.004242674;0.32879662
0.745;0.255;0.004242674;0.32879662
0.746;0.254;0.004242674;0.32879662
0.747;0.253;0.004242674;0.32879662
0.748;0.252;0.004242674;0.32879662
0.749;0.251;0.00417866;0.33047846
0.75;0.25;0.004063342;0.33358399
0.751;0.249;0.00395084;0.3367123
0.752;0.248;0.003841098;0.33986346
0.753;0.247;0.003734056;0.34303752
0.754;0.246;0.003629658;0.34623452
0.755;0.245;0.00352785;0.34945452
0.756;0.244;0.003428575;0.35269756
0.757;0.243;0.003331781;0.3559637
0.758;0.242;0.003237414;0.35925297
0.759;0.241;0.003145423;0.36256541
0.76;0.24;0.003055756;0.36590108
0.761;0.239;0.002968363;0.36925999
0.762;0.238;0.002883195;0.37264219
0.763;0.237;0.002800202;0.37604772
0.764;0.236;0.002719338;0.37947659
0.765;0.235;0.002640555;0.38292885
0.766;0.234;0.002563808;0.38640451
0.767;0.233;0.00248905;0.3899036
0.768;0.232;0.002416238;0.39342614
0.769;0.231;0.002345328;0.39697215
0.77;0.23;0.002276277;0.40054164
0.771;0.229;0.002209043;0.40413463
0.772;0.228;0.002143585;0.40775113
0.773;0.227;0.002079862;0.41139114
0.774;0.226;0.002017834;0.41505467
0.775;0.225;0.001957462;0.41874173
0.776;0.224;0.001898708;0.42245231
0.777;0.223;0.001841534;0.42618641
0.778;0.222;0.001785904;0.42994402
0.779;0.221;0.001731781;0.43372514
0.78;0.22;0.001679129;0.43752976
0.781;0.219;0.001627914;0.44135785
0.782;0.218;0.001578102;0.4452094
0.783;0.217;0.001529659;0.44908439
0.784;0.216;0.001527796;0.44923603
0.785;0.215;0.001527796;0.44923603
0.786;0.214;0.001527796;0.44923603
0.787;0.213;0.001527796;0.44923603
0.788;0.212;0.001527796;0.44923603
0.789;0.211;0.001527796;0.44923603
0.79;0.21;0.001527796;0.44923603
0.791;0.209;0.001527796;0.44923603
0.792;0.208;0.001527796;0.44923603
0.793;0.207;0.001527796;0.44923603
0.794;0.206;0.001527796;0.44923603
0.795;0.205;0.001527796;0.44923603
0.796;0.204;0.001527796;0.44923603
0.797;0.203;0.001527796;0.44923603
0.798;0.202;0.001527796;0.44923603
0.799;0.201;0.001527796;0.44923603
0.8;0.2;0.001527796;0.44923603
0.801;0.199;0.001527796;0.44923603
0.802;0.198;0.001527796;0.44923603
0.803;0.197;0.001527796;0.44923603
0.804;0.196;0.001527796;0.44923603
0.805;0.195;0.001527796;0.44923603
0.806;0.194;0.001527796;0.44923603
0.807;0.193;0.001527796;0.44923603
0.808;0.192;0.001527796;0.44923603
0.809;0.191;0.001527796;0.44923603
0.81;0.19;0.001511;0.452059
0.811;0.189;0.0015031;0.4549429
0.812;0.188;0.0014952;0.4578268
0.813;0.187;0.0014873;0.4607107
0.814;0.186;0.0014794;0.4635946
0.815;0.185;0.0014715;0.4664785
0.816;0.184;0.0014636;0.4693624
0.817;0.183;0.0014557;0.4722463
0.818;0.182;0.0014478;0.4751302
0.819;0.181;0.0014399;0.4780141
0.82;0.18;0.001432;0.480898
0.821;0.179;0.0014241;0.4837819
0.822;0.178;0.0014162;0.4866658
0.823;0.177;0.0014083;0.4895497
0.824;0.176;0.0014004;0.4924336
0.825;0.175;0.0013925;0.4953175
0.826;0.174;0.0013846;0.4982014
0.827;0.173;0.0013767;0.5010853
0.828;0.172;0.0013688;0.5039692
0.829;0.171;0.0013609;0.5068531
0.83;0.17;0.001353;0.509737
0.831;0.169;0.0013451;0.5126209
0.832;0.168;0.0013372;0.5155048
0.833;0.167;0.0013293;0.5183887
0.834;0.166;0.0013214;0.5212726
0.835;0.165;0.0013135;0.5241565
0.836;0.164;0.0013056;0.5270404
0.837;0.163;0.0012977;0.5299243
0.838;0.162;0.0012898;0.5328082
0.839;0.161;0.0012819;0.5356921
0.84;0.16;0.001274;0.538576
0.841;0.159;0.0012661;0.5414599
0.842;0.158;0.0012582;0.5443438
0.843;0.157;0.0012503;0.5472277
0.844;0.156;0.0012424;0.5501116
0.845;0.155;0.0012345;0.5529955
0.846;0.154;0.0012266;0.5558794
0.847;0.153;0.0012187;0.5587633
0.848;0.152;0.0012108;0.5616472
0.849;0.151;0.0012029;0.5645311
0.85;0.15;0.001195;0.567415
0.851;0.149;0.0011871;0.5702989
0.852;0.148;0.0011792;0.5731828
0.853;0.147;0.0011713;0.5760667
0.854;0.146;0.0011634;0.5789506
0.855;0.145;0.0011555;0.5818345
0.856;0.144;0.0011476;0.5847184
0.857;0.143;0.0011397;0.5876023
0.858;0.142;0.0011318;0.5904862
0.859;0.141;0.0011239;0.5933701
0.86;0.14;0.001116;0.596254
0.861;0.139;0.0011081;0.5991379
0.862;0.138;0.0011002;0.6020218
0.863;0.137;0.0010923;0.6049057
0.864;0.136;0.0010844;0.6077896
0.865;0.135;0.0010765;0.6106735
0.866;0.134;0.0010686;0.6135574
0.867;0.133;0.0010607;0.6164413
0.868;0.132;0.0010528;0.6193252
0.869;0.131;0.0010449;0.6222091
0.87;0.13;0.001037;0.625093
0.871;0.129;0.0010291;0.6279769
0.872;0.128;0.0010212;0.6308608
0.873;0.127;0.0010133;0.6337447
0.874;0.126;0.0010054;0.6366286
0.875;0.125;0.0009975;0.6395125
0.876;0.124;0.0009896;0.6423964
0.877;0.123;0.0009817;0.6452803
0.878;0.122;0.0009738;0.6481642
0.879;0.121;0.0009659;0.6510481
0.88;0.12;0.000958;0.653932
0.881;0.119;0.0009501;0.6568159
0.882;0.118;0.0009422;0.6596998
0.883;0.117;0.0009343;0.6625837
0.884;0.116;0.0009264;0.6654676
0.885;0.115;0.0009185;0.6683515
0.886;0.114;0.0009106;0.6712354
0.887;0.113;0.0009027;0.6741193
0.888;0.112;0.0008948;0.6770032
0.889;0.111;0.0008869;0.6798871
0.89;0.11;0.000879;0.682771
0.891;0.109;0.0008711;0.6856549
0.892;0.108;0.0008632;0.6885388
0.893;0.107;0.0008553;0.6914227
0.894;0.106;0.0008474;0.6943066
0.895;0.105;0.0008395;0.6971905
0.896;0.104;0.0008316;0.7000744
0.897;0.103;0.0008237;0.7029583
0.898;0.102;0.0008158;0.7058422
0.899;0.101;0.0008079;0.7087261
0.9;0.1;0.0008;0.71161
0.901;0.099;0.0007921;0.7144939
0.902;0.098;0.0007842;0.7173778
0.903;0.097;0.0007763;0.7202617
0.904;0.096;0.0007684;0.7231456
0.905;0.095;0.0007605;0.7260295
0.906;0.094;0.0007526;0.7289134
0.907;0.093;0.0007447;0.7317973
0.908;0.092;0.0007368;0.7346812
0.909;0.091;0.0007289;0.7375651
0.91;0.09;0.000721;0.740449
0.911;0.089;0.0007131;0.7433329
0.912;0.088;0.0007052;0.7462168
0.913;0.087;0.0006973;0.7491007
0.914;0.086;0.0006894;0.7519846
0.915;0.085;0.0006815;0.7548685
0.916;0.084;0.0006736;0.7577524
0.917;0.083;0.0006657;0.7606363
0.918;0.082;0.0006578;0.7635202
0.919;0.081;0.0006499;0.7664041
0.92;0.08;0.000642;0.769288
0.921;0.079;0.0006341;0.7721719
0.922;0.078;0.0006262;0.7750558
0.923;0.077;0.0006183;0.7779397
0.924;0.076;0.0006104;0.7808236
0.925;0.075;0.0006025;0.7837075
0.926;0.074;0.0005946;0.7865914
0.927;0.073;0.0005867;0.7894753
0.928;0.072;0.0005788;0.7923592
0.929;0.071;0.0005709;0.7952431
0.93;0.07;0.000563;0.798127
0.931;0.069;0.0005551;0.8010109
0.932;0.068;0.0005472;0.8038948
0.933;0.067;0.0005393;0.8067787
0.934;0.066;0.0005314;0.8096626
0.935;0.065;0.0005235;0.8125465
0.936;0.064;0.0005156;0.8154304
0.937;0.063;0.0005077;0.8183143
0.938;0.062;0.0004998;0.8211982
0.939;0.061;0.0004919;0.8240821
0.94;0.06;0.000484;0.826966
0.941;0.059;0.0004761;0.8298499
0.942;0.058;0.0004682;0.8327338
0.943;0.057;0.0004603;0.8356177
0.944;0.056;0.0004524;0.8385016
0.945;0.055;0.0004445;0.8413855
0.946;0.054;0.0004366;0.8442694
0.947;0.053;0.0004287;0.8471533
0.948;0.052;0.0004208;0.8500372
0.949;0.051;0.0004129;0.8529211
0.95;0.05;0.000405;0.855805
0.951;0.049;0.0003971;0.8586889
0.952;0.048;0.0003892;0.8615728
0.953;0.047;0.0003813;0.8644567
0.954;0.046;0.0003734;0.8673406
0.955;0.045;0.0003655;0.8702245
0.956;0.044;0.0003576;0.8731084
0.957;0.043;0.0003497;0.8759923
0.958;0.042;0.0003418;0.8788762
0.959;0.041;0.0003339;0.8817601
0.96;0.04;0.000326;0.884644
0.961;0.039;0.0003181;0.8875279
0.962;0.038;0.0003102;0.8904118
0.963;0.037;0.0003023;0.8932957
0.964;0.036;0.0002944;0.8961796
0.965;0.035;0.0002865;0.8990635
0.966;0.034;0.0002786;0.9019474
0.967;0.033;0.0002707;0.9048313
0.968;0.032;0.0002628;0.9077152
0.969;0.031;0.0002549;0.9105991
0.97;0.03;0.000247;0.913483
0.971;0.029;0.0002391;0.9163669
0.972;0.028;0.0002312;0.9192508
0.973;0.027;0.0002233;0.9221347
0.974;0.026;0.0002154;0.9250186
0.975;0.025;0.0002075;0.9279025
0.976;0.024;0.0001996;0.9307864
0.977;0.023;0.0001917;0.9336703
0.978;0.022;0.0001838;0.9365542
0.979;0.021;0.0001759;0.9394381
0.98;0.02;0.000168;0.942322
0.981;0.019;0.0001601;0.9452059
0.982;0.018;0.0001522;0.9480898
0.983;0.017;0.0001443;0.9509737
0.984;0.016;0.0001364;0.9538576
0.985;0.015;0.0001285;0.9567415
0.986;0.014;0.0001206;0.9596254
0.987;0.013;0.0001127;0.9625093
0.988;0.012;0.0001048;0.9653932
0.989;0.011;9.69E-05;0.9682771
0.99;0.01;8.90E-05;0.971161
0.991;0.009;8.11E-05;0.9740449
0.992;0.008;7.32E-05;0.9769288
0.993;0.007;6.53E-05;0.9798127
0.994;0.006;0.0000574;0.9826966
0.995;0.005;0.0000495;0.9855805
0.996;0.004;0.0000416;0.9884644
0.997;0.003;0.0000337;0.9913483
0.998;0.002;0.0000258;0.9942322
0.999;0.001;0.0000179;0.9971161
1;0;0.00001;1
