XSn;aSn;XCu;aCu;Sn_ideal;Cu_ideal;;;T = 450øC
0;0.0001;1;0.9998;0;1;;;
0.001;5.65E-03;0.999;0.9989931;0.001;0.999;;;
0.002;0.000114498;0.998;0.99797305;0.002;0.998;;;
0.003;0.000174054;0.997;0.99693974;0.003;0.997;;;
0.004;0.000235182;0.996;0.99589324;0.004;0.996;;;
0.005;0.000297906;0.995;0.99483364;0.005;0.995;;;
0.006;0.000362253;0.994;0.99376102;0.006;0.994;;;
0.007;0.000428249;0.993;0.99267547;0.007;0.993;;;
0.008;0.000495919;0.992;0.99157706;0.008;0.992;;;
0.009;0.000565289;0.991;0.99046589;0.009;0.991;;;
0.01;0.000636387;0.99;0.98934204;0.01;0.99;;;
0.011;0.000709238;0.989;0.98820559;0.011;0.989;;;
0.012;0.000783871;0.988;0.98705662;0.012;0.988;;;
0.013;0.000860312;0.987;0.98589523;0.013;0.987;;;
0.014;0.000938589;0.986;0.98472149;0.014;0.986;;;
0.015;0.00101873;0.985;0.9835355;0.015;0.985;;;
0.016;0.001100762;0.984;0.98233734;0.016;0.984;;;
0.017;0.001184714;0.983;0.98112709;0.017;0.983;;;
0.018;0.001270615;0.982;0.97990485;0.018;0.982;;;
0.019;0.001358494;0.981;0.97867069;0.019;0.981;;;
0.02;0.001448378;0.98;0.97742471;0.02;0.98;;;
0.021;0.001540298;0.979;0.97616699;0.021;0.979;;;
0.022;0.001634284;0.978;0.97489762;0.022;0.978;;;
0.023;0.001730364;0.977;0.97361669;0.023;0.977;;;
0.024;0.001828569;0.976;0.97232429;0.024;0.976;;;
0.025;0.001928929;0.975;0.9710205;0.025;0.975;;;
0.026;0.002031474;0.974;0.96970541;0.026;0.974;;;
0.027;0.002136236;0.973;0.96837912;0.027;0.973;;;
0.028;0.002243245;0.972;0.9670417;0.028;0.972;;;
0.029;0.002352533;0.971;0.96569325;0.029;0.971;;;
0.03;0.00246413;0.97;0.96433386;0.03;0.97;;;
0.031;0.00257807;0.969;0.96296361;0.031;0.969;;;
0.032;0.002694382;0.968;0.9615826;0.032;0.968;;;
0.033;0.002813101;0.967;0.96019091;0.033;0.967;;;
0.034;0.002934257;0.966;0.95878864;0.034;0.966;;;
0.035;0.003057885;0.965;0.95737586;0.035;0.965;;;
0.036;0.003184016;0.964;0.95595269;0.036;0.964;;;
0.037;0.003312684;0.963;0.95451919;0.037;0.963;;;
0.038;0.003443922;0.962;0.95307547;0.038;0.962;;;
0.039;0.003577763;0.961;0.9516216;0.039;0.961;;;
0.04;0.003714243;0.96;0.9501577;0.04;0.96;;;
0.041;0.003853394;0.959;0.94868383;0.041;0.959;;;
0.042;0.00399525;0.958;0.94720009;0.042;0.958;;;
0.043;0.004139848;0.957;0.94570658;0.043;0.957;;;
0.044;0.00428722;0.956;0.94420339;0.044;0.956;;;
0.045;0.004437403;0.955;0.94269059;0.045;0.955;;;
0.046;0.00459043;0.954;0.94116829;0.046;0.954;;;
0.047;0.004746339;0.953;0.93963657;0.047;0.953;;;
0.048;0.004905164;0.952;0.93809553;0.048;0.952;;;
0.049;0.005066941;0.951;0.93654526;0.049;0.951;;;
0.05;0.005231707;0.95;0.93498583;0.05;0.95;;;
0.051;0.005399497;0.949;0.93341736;0.051;0.949;;;
0.052;0.005570348;0.948;0.93183992;0.052;0.948;;;
0.053;0.005744297;0.947;0.93025361;0.053;0.947;;;
0.054;0.005921382;0.946;0.92865851;0.054;0.946;;;
0.055;0.006101638;0.945;0.92705472;0.055;0.945;;;
0.056;0.006285103;0.944;0.92544234;0.056;0.944;;;
0.057;0.006471816;0.943;0.92382143;0.057;0.943;;;
0.058;0.006661813;0.942;0.92219211;0.058;0.942;;;
0.059;0.006855133;0.941;0.92055446;0.059;0.941;;;
0.06;0.007051814;0.94;0.91890856;0.06;0.94;;;
0.061;0.007251894;0.939;0.91725452;0.061;0.939;;;
0.062;0.007455412;0.938;0.91559241;0.062;0.938;;;
0.063;0.007662407;0.937;0.91392234;0.063;0.937;;;
0.064;0.007872917;0.936;0.91224438;0.064;0.936;;;
0.065;0.007874982;0.935;0.91222802;0.065;0.935;;;
0.066;0.007874982;0.934;0.91222802;0.066;0.934;;;
0.067;0.007874982;0.933;0.91222802;0.067;0.933;;;
0.068;0.007874982;0.932;0.91222802;0.068;0.932;;;
0.069;0.007874982;0.931;0.91222802;0.069;0.931;;;
0.07;0.007874982;0.93;0.91222802;0.07;0.93;;;
0.071;0.007874982;0.929;0.91222802;0.071;0.929;;;
0.072;0.007874982;0.928;0.91222802;0.072;0.928;;;
0.073;0.007874982;0.927;0.91222802;0.073;0.927;;;
0.074;0.007874982;0.926;0.91222802;0.074;0.926;;;
0.075;0.007874982;0.925;0.91222802;0.075;0.925;;;
0.076;0.007874982;0.924;0.91222802;0.076;0.924;;;
0.077;0.007874982;0.923;0.91222802;0.077;0.923;;;
0.078;0.007874982;0.922;0.91222802;0.078;0.922;;;
0.079;0.007874982;0.921;0.91222802;0.079;0.921;;;
0.08;0.007874982;0.92;0.91222802;0.08;0.92;;;
0.081;0.007874982;0.919;0.91222802;0.081;0.919;;;
0.082;0.007874982;0.918;0.91222802;0.082;0.918;;;
0.083;0.007874982;0.917;0.91222802;0.083;0.917;;;
0.084;0.007874982;0.916;0.91222802;0.084;0.916;;;
0.085;0.007874982;0.915;0.91222802;0.085;0.915;;;
0.086;0.007874982;0.914;0.91222802;0.086;0.914;;;
0.087;0.007874982;0.913;0.91222802;0.087;0.913;;;
0.088;0.007874982;0.912;0.91222802;0.088;0.912;;;
0.089;0.007874982;0.911;0.91222802;0.089;0.911;;;
0.09;0.007874982;0.91;0.91222802;0.09;0.91;;;
0.091;0.007874982;0.909;0.91222802;0.091;0.909;;;
0.092;0.007874982;0.908;0.91222802;0.092;0.908;;;
0.093;0.007874982;0.907;0.91222802;0.093;0.907;;;
0.094;0.007874982;0.906;0.91222802;0.094;0.906;;;
0.095;0.007874982;0.905;0.91222802;0.095;0.905;;;
0.096;0.007874982;0.904;0.91222802;0.096;0.904;;;
0.097;0.007874982;0.903;0.91222802;0.097;0.903;;;
0.098;0.007874982;0.902;0.91222802;0.098;0.902;;;
0.099;0.007874982;0.901;0.91222802;0.099;0.901;;;
0.1;0.007874982;0.9;0.91222802;0.1;0.9;;;
0.101;0.007874982;0.899;0.91222802;0.101;0.899;;;
0.102;0.007874982;0.898;0.91222802;0.102;0.898;;;
0.103;0.007874982;0.897;0.91222802;0.103;0.897;;;
0.104;0.007874982;0.896;0.91222802;0.104;0.896;;;
0.105;0.007874982;0.895;0.91222802;0.105;0.895;;;
0.106;0.007874982;0.894;0.91222802;0.106;0.894;;;
0.107;0.007874982;0.893;0.91222802;0.107;0.893;;;
0.108;0.007874982;0.892;0.91222802;0.108;0.892;;;
0.109;0.007874982;0.891;0.91222802;0.109;0.891;;;
0.11;0.007874982;0.89;0.91222802;0.11;0.89;;;
0.111;0.007874982;0.889;0.91222802;0.111;0.889;;;
0.112;0.007874982;0.888;0.91222802;0.112;0.888;;;
0.113;0.007874982;0.887;0.91222802;0.113;0.887;;;
0.114;0.007874982;0.886;0.91222802;0.114;0.886;;;
0.115;0.007874982;0.885;0.91222802;0.115;0.885;;;
0.116;0.007874982;0.884;0.91222802;0.116;0.884;;;
0.117;0.007874982;0.883;0.91222802;0.117;0.883;;;
0.118;0.007874982;0.882;0.91222802;0.118;0.882;;;
0.119;0.007874982;0.881;0.91222802;0.119;0.881;;;
0.12;0.007874982;0.88;0.91222802;0.12;0.88;;;
0.121;0.007874982;0.879;0.91222802;0.121;0.879;;;
0.122;0.007874982;0.878;0.91222802;0.122;0.878;;;
0.123;0.007874982;0.877;0.91222802;0.123;0.877;;;
0.124;0.007874982;0.876;0.91222802;0.124;0.876;;;
0.125;0.007874982;0.875;0.91222802;0.125;0.875;;;
0.126;0.007874982;0.874;0.91222802;0.126;0.874;;;
0.127;0.007874982;0.873;0.91222802;0.127;0.873;;;
0.128;0.007874982;0.872;0.91222802;0.128;0.872;;;
0.129;0.007874982;0.871;0.91222802;0.129;0.871;;;
0.13;0.007874982;0.87;0.91222802;0.13;0.87;;;
0.131;0.007874982;0.869;0.91222802;0.131;0.869;;;
0.132;0.007874982;0.868;0.91222802;0.132;0.868;;;
0.133;0.007874982;0.867;0.91222802;0.133;0.867;;;
0.134;0.007874982;0.866;0.91222802;0.134;0.866;;;
0.135;0.007874982;0.865;0.91222802;0.135;0.865;;;
0.136;0.007874982;0.864;0.91222802;0.136;0.864;;;
0.137;0.007874982;0.863;0.91222802;0.137;0.863;;;
0.138;0.007874982;0.862;0.91222802;0.138;0.862;;;
0.139;0.007874982;0.861;0.91222802;0.139;0.861;;;
0.14;0.007874982;0.86;0.91222802;0.14;0.86;;;
0.141;0.007874982;0.859;0.91222802;0.141;0.859;;;
0.142;0.007874982;0.858;0.91222802;0.142;0.858;;;
0.143;0.007874982;0.857;0.91222802;0.143;0.857;;;
0.144;0.007874982;0.856;0.91222802;0.144;0.856;;;
0.145;0.007874982;0.855;0.91222802;0.145;0.855;;;
0.146;0.007874982;0.854;0.91222802;0.146;0.854;;;
0.147;0.007874982;0.853;0.91222802;0.147;0.853;;;
0.148;0.007874982;0.852;0.91222802;0.148;0.852;;;
0.149;0.007874982;0.851;0.91222802;0.149;0.851;;;
0.15;0.007874982;0.85;0.91222802;0.15;0.85;;;
0.151;0.007874982;0.849;0.91222802;0.151;0.849;;;
0.152;0.007874982;0.848;0.91222802;0.152;0.848;;;
0.153;0.007874982;0.847;0.91222802;0.153;0.847;;;
0.154;0.007874982;0.846;0.91222802;0.154;0.846;;;
0.155;0.007874982;0.845;0.91222802;0.155;0.845;;;
0.156;0.007874982;0.844;0.91222802;0.156;0.844;;;
0.157;0.007874982;0.843;0.91222802;0.157;0.843;;;
0.158;0.007874982;0.842;0.91222802;0.158;0.842;;;
0.159;0.007874982;0.841;0.91222802;0.159;0.841;;;
0.16;0.007874982;0.84;0.91222802;0.16;0.84;;;
0.161;0.007874982;0.839;0.91222802;0.161;0.839;;;
0.162;0.007874982;0.838;0.91222802;0.162;0.838;;;
0.163;0.007874982;0.837;0.91222802;0.163;0.837;;;
0.164;0.007874982;0.836;0.91222802;0.164;0.836;;;
0.165;0.007874982;0.835;0.91222802;0.165;0.835;;;
0.166;0.007874982;0.834;0.91222802;0.166;0.834;;;
0.167;0.007874982;0.833;0.91222802;0.167;0.833;;;
0.168;0.007874982;0.832;0.91222802;0.168;0.832;;;
0.169;0.007874982;0.831;0.91222802;0.169;0.831;;;
0.17;0.007874982;0.83;0.91222802;0.17;0.83;;;
0.171;0.007874982;0.829;0.91222802;0.171;0.829;;;
0.172;0.007874982;0.828;0.91222802;0.172;0.828;;;
0.173;0.007874982;0.827;0.91222802;0.173;0.827;;;
0.174;0.007874982;0.826;0.91222802;0.174;0.826;;;
0.175;0.007874982;0.825;0.91222802;0.175;0.825;;;
0.176;0.007874982;0.824;0.91222802;0.176;0.824;;;
0.177;0.007874982;0.823;0.91222802;0.177;0.823;;;
0.178;0.007874982;0.822;0.91222802;0.178;0.822;;;
0.179;0.007874982;0.821;0.91222802;0.179;0.821;;;
0.18;0.007874982;0.82;0.91222802;0.18;0.82;;;
0.181;0.007874982;0.819;0.91222802;0.181;0.819;;;
0.182;0.007874982;0.818;0.91222802;0.182;0.818;;;
0.183;0.007874982;0.817;0.91222802;0.183;0.817;;;
0.184;0.007874982;0.816;0.91222802;0.184;0.816;;;
0.185;0.007874982;0.815;0.91222802;0.185;0.815;;;
0.186;0.007874982;0.814;0.91222802;0.186;0.814;;;
0.187;0.007874982;0.813;0.91222802;0.187;0.813;;;
0.188;0.007874982;0.812;0.91222802;0.188;0.812;;;
0.189;0.007874982;0.811;0.91222802;0.189;0.811;;;
0.19;0.007874982;0.81;0.91222802;0.19;0.81;;;
0.191;0.007874982;0.809;0.91222802;0.191;0.809;;;
0.192;0.007874982;0.808;0.91222802;0.192;0.808;;;
0.193;0.007874982;0.807;0.91222802;0.193;0.807;;;
0.194;0.007874982;0.806;0.91222802;0.194;0.806;;;
0.195;0.007874982;0.805;0.91222802;0.195;0.805;;;
0.196;0.007874982;0.804;0.91222802;0.196;0.804;;;
0.197;0.007874982;0.803;0.91222802;0.197;0.803;;;
0.198;0.007874982;0.802;0.91222802;0.198;0.802;;;
0.199;0.007874982;0.801;0.91222802;0.199;0.801;;;
0.2;0.007874982;0.8;0.91222802;0.2;0.8;;;
0.201;0.007874982;0.799;0.91222802;0.201;0.799;;;
0.202;0.007874982;0.798;0.91222802;0.202;0.798;;;
0.203;0.007874982;0.797;0.91222802;0.203;0.797;;;
0.204;0.007874982;0.796;0.91222802;0.204;0.796;;;
0.205;0.007874982;0.795;0.91222802;0.205;0.795;;;
0.206;0.007874982;0.794;0.91222802;0.206;0.794;;;
0.207;0.007874982;0.793;0.91222802;0.207;0.793;;;
0.208;0.007874982;0.792;0.91222802;0.208;0.792;;;
0.209;0.007874982;0.791;0.91222802;0.209;0.791;;;
0.21;0.007874982;0.79;0.91222802;0.21;0.79;;;
0.211;0.007874982;0.789;0.91222802;0.211;0.789;;;
0.212;0.011438535;0.788;0.82506305;0.212;0.788;;;
0.213;0.011438535;0.787;0.82506305;0.213;0.787;;;
0.214;0.011438535;0.786;0.82506305;0.214;0.786;;;
0.215;0.011438535;0.785;0.82506305;0.215;0.785;;;
0.216;0.011438535;0.784;0.82506305;0.216;0.784;;;
0.217;0.011438535;0.783;0.82506305;0.217;0.783;;;
0.218;0.011438535;0.782;0.82506305;0.218;0.782;;;
0.219;0.011438535;0.781;0.82506305;0.219;0.781;;;
0.22;0.011438535;0.78;0.82506305;0.22;0.78;;;
0.221;0.011438535;0.779;0.82506305;0.221;0.779;;;
0.222;0.011438535;0.778;0.82506305;0.222;0.778;;;
0.223;0.011438535;0.777;0.82506305;0.223;0.777;;;
0.224;0.011438535;0.776;0.82506305;0.224;0.776;;;
0.225;0.011438535;0.775;0.82506305;0.225;0.775;;;
0.226;0.011438535;0.774;0.82506305;0.226;0.774;;;
0.227;0.011438535;0.773;0.82506305;0.227;0.773;;;
0.228;0.011438535;0.772;0.82506305;0.228;0.772;;;
0.229;0.011438535;0.771;0.82506305;0.229;0.771;;;
0.23;0.011438535;0.77;0.82506305;0.23;0.77;;;
0.231;0.011438535;0.769;0.82506305;0.231;0.769;;;
0.232;0.011438535;0.768;0.82506305;0.232;0.768;;;
0.233;0.011438535;0.767;0.82506305;0.233;0.767;;;
0.234;0.011438535;0.766;0.82506305;0.234;0.766;;;
0.235;0.011438535;0.765;0.82506305;0.235;0.765;;;
0.236;0.011438535;0.764;0.82506305;0.236;0.764;;;
0.237;0.011438535;0.763;0.82506305;0.237;0.763;;;
0.238;0.011438535;0.762;0.82506305;0.238;0.762;;;
0.239;0.011438535;0.761;0.82506305;0.239;0.761;;;
0.24;0.011438535;0.76;0.82506305;0.24;0.76;;;
0.241;0.011438535;0.759;0.82506305;0.241;0.759;;;
0.242;0.011438535;0.758;0.82506305;0.242;0.758;;;
0.243;0.011438535;0.757;0.82506305;0.243;0.757;;;
0.244;0.011438535;0.756;0.82506305;0.244;0.756;;;
0.245;0.011438535;0.755;0.82506305;0.245;0.755;;;
0.246;0.011438535;0.754;0.82506305;0.246;0.754;;;
0.247;0.011438535;0.753;0.82506305;0.247;0.753;;;
0.248;0.011438535;0.752;0.82506305;0.248;0.752;;;
0.249;0.011438535;0.751;0.82506305;0.249;0.751;;;
0.25;0.087892723;0.75;0.32644909;0.25;0.75;;;
0.251;0.82293689;0.749;0.19837568;0.251;0.749;;;
0.252;0.82293689;0.748;0.19837568;0.252;0.748;;;
0.253;0.82293689;0.747;0.19837568;0.253;0.747;;;
0.254;0.82293689;0.746;0.19837568;0.254;0.746;;;
0.255;0.82293689;0.745;0.19837568;0.255;0.745;;;
0.256;0.82293689;0.744;0.19837568;0.256;0.744;;;
0.257;0.82293689;0.743;0.19837568;0.257;0.743;;;
0.258;0.82293689;0.742;0.19837568;0.258;0.742;;;
0.259;0.82293689;0.741;0.19837568;0.259;0.741;;;
0.26;0.82293689;0.74;0.19837568;0.26;0.74;;;
0.261;0.82293689;0.739;0.19837568;0.261;0.739;;;
0.262;0.82293689;0.738;0.19837568;0.262;0.738;;;
0.263;0.82293689;0.737;0.19837568;0.263;0.737;;;
0.264;0.82293689;0.736;0.19837568;0.264;0.736;;;
0.265;0.82293689;0.735;0.19837568;0.265;0.735;;;
0.266;0.82293689;0.734;0.19837568;0.266;0.734;;;
0.267;0.82293689;0.733;0.19837568;0.267;0.733;;;
0.268;0.82293689;0.732;0.19837568;0.268;0.732;;;
0.269;0.82293689;0.731;0.19837568;0.269;0.731;;;
0.27;0.82293689;0.73;0.19837568;0.27;0.73;;;
0.271;0.82293689;0.729;0.19837568;0.271;0.729;;;
0.272;0.82293689;0.728;0.19837568;0.272;0.728;;;
0.273;0.82293689;0.727;0.19837568;0.273;0.727;;;
0.274;0.82293689;0.726;0.19837568;0.274;0.726;;;
0.275;0.82293689;0.725;0.19837568;0.275;0.725;;;
0.276;0.82293689;0.724;0.19837568;0.276;0.724;;;
0.277;0.82293689;0.723;0.19837568;0.277;0.723;;;
0.278;0.82293689;0.722;0.19837568;0.278;0.722;;;
0.279;0.82293689;0.721;0.19837568;0.279;0.721;;;
0.28;0.82293689;0.72;0.19837568;0.28;0.72;;;
0.281;0.82293689;0.719;0.19837568;0.281;0.719;;;
0.282;0.82293689;0.718;0.19837568;0.282;0.718;;;
0.283;0.82293689;0.717;0.19837568;0.283;0.717;;;
0.284;0.82293689;0.716;0.19837568;0.284;0.716;;;
0.285;0.82293689;0.715;0.19837568;0.285;0.715;;;
0.286;0.82293689;0.714;0.19837568;0.286;0.714;;;
0.287;0.82293689;0.713;0.19837568;0.287;0.713;;;
0.288;0.82293689;0.712;0.19837568;0.288;0.712;;;
0.289;0.82293689;0.711;0.19837568;0.289;0.711;;;
0.29;0.82293689;0.71;0.19837568;0.29;0.71;;;
0.291;0.82293689;0.709;0.19837568;0.291;0.709;;;
0.292;0.82293689;0.708;0.19837568;0.292;0.708;;;
0.293;0.82293689;0.707;0.19837568;0.293;0.707;;;
0.294;0.82293689;0.706;0.19837568;0.294;0.706;;;
0.295;0.82293689;0.705;0.19837568;0.295;0.705;;;
0.296;0.82293689;0.704;0.19837568;0.296;0.704;;;
0.297;0.82293689;0.703;0.19837568;0.297;0.703;;;
0.298;0.82293689;0.702;0.19837568;0.298;0.702;;;
0.299;0.82293689;0.701;0.19837568;0.299;0.701;;;
0.3;0.82293689;0.7;0.19837568;0.3;0.7;;;
0.301;0.82293689;0.699;0.19837568;0.301;0.699;;;
0.302;0.82293689;0.698;0.19837568;0.302;0.698;;;
0.303;0.82293689;0.697;0.19837568;0.303;0.697;;;
0.304;0.82293689;0.696;0.19837568;0.304;0.696;;;
0.305;0.82293689;0.695;0.19837568;0.305;0.695;;;
0.306;0.82293689;0.694;0.19837568;0.306;0.694;;;
0.307;0.82293689;0.693;0.19837568;0.307;0.693;;;
0.308;0.82293689;0.692;0.19837568;0.308;0.692;;;
0.309;0.82293689;0.691;0.19837568;0.309;0.691;;;
0.31;0.82293689;0.69;0.19837568;0.31;0.69;;;
0.311;0.82293689;0.689;0.19837568;0.311;0.689;;;
0.312;0.82293689;0.688;0.19837568;0.312;0.688;;;
0.313;0.82293689;0.687;0.19837568;0.313;0.687;;;
0.314;0.82293689;0.686;0.19837568;0.314;0.686;;;
0.315;0.82293689;0.685;0.19837568;0.315;0.685;;;
0.316;0.82293689;0.684;0.19837568;0.316;0.684;;;
0.317;0.82293689;0.683;0.19837568;0.317;0.683;;;
0.318;0.82293689;0.682;0.19837568;0.318;0.682;;;
0.319;0.82293689;0.681;0.19837568;0.319;0.681;;;
0.32;0.82293689;0.68;0.19837568;0.32;0.68;;;
0.321;0.82293689;0.679;0.19837568;0.321;0.679;;;
0.322;0.82293689;0.678;0.19837568;0.322;0.678;;;
0.323;0.82293689;0.677;0.19837568;0.323;0.677;;;
0.324;0.82293689;0.676;0.19837568;0.324;0.676;;;
0.325;0.82293689;0.675;0.19837568;0.325;0.675;;;
0.326;0.82293689;0.674;0.19837568;0.326;0.674;;;
0.327;0.82293689;0.673;0.19837568;0.327;0.673;;;
0.328;0.82293689;0.672;0.19837568;0.328;0.672;;;
0.329;0.82293689;0.671;0.19837568;0.329;0.671;;;
0.33;0.82293689;0.67;0.19837568;0.33;0.67;;;
0.331;0.82293689;0.669;0.19837568;0.331;0.669;;;
0.332;0.82293689;0.668;0.19837568;0.332;0.668;;;
0.333;0.82293689;0.667;0.19837568;0.333;0.667;;;
0.334;0.82293689;0.666;0.19837568;0.334;0.666;;;
0.335;0.82293689;0.665;0.19837568;0.335;0.665;;;
0.336;0.82293689;0.664;0.19837568;0.336;0.664;;;
0.337;0.82293689;0.663;0.19837568;0.337;0.663;;;
0.338;0.82293689;0.662;0.19837568;0.338;0.662;;;
0.339;0.82293689;0.661;0.19837568;0.339;0.661;;;
0.34;0.82293689;0.66;0.19837568;0.34;0.66;;;
0.341;0.82293689;0.659;0.19837568;0.341;0.659;;;
0.342;0.82293689;0.658;0.19837568;0.342;0.658;;;
0.343;0.82293689;0.657;0.19837568;0.343;0.657;;;
0.344;0.82293689;0.656;0.19837568;0.344;0.656;;;
0.345;0.82293689;0.655;0.19837568;0.345;0.655;;;
0.346;0.82293689;0.654;0.19837568;0.346;0.654;;;
0.347;0.82293689;0.653;0.19837568;0.347;0.653;;;
0.348;0.82293689;0.652;0.19837568;0.348;0.652;;;
0.349;0.82293689;0.651;0.19837568;0.349;0.651;;;
0.35;0.82293689;0.65;0.19837568;0.35;0.65;;;
0.351;0.82293689;0.649;0.19837568;0.351;0.649;;;
0.352;0.82293689;0.648;0.19837568;0.352;0.648;;;
0.353;0.82293689;0.647;0.19837568;0.353;0.647;;;
0.354;0.82293689;0.646;0.19837568;0.354;0.646;;;
0.355;0.82293689;0.645;0.19837568;0.355;0.645;;;
0.356;0.82293689;0.644;0.19837568;0.356;0.644;;;
0.357;0.82293689;0.643;0.19837568;0.357;0.643;;;
0.358;0.82293689;0.642;0.19837568;0.358;0.642;;;
0.359;0.82293689;0.641;0.19837568;0.359;0.641;;;
0.36;0.82293689;0.64;0.19837568;0.36;0.64;;;
0.361;0.82293689;0.639;0.19837568;0.361;0.639;;;
0.362;0.82293689;0.638;0.19837568;0.362;0.638;;;
0.363;0.82293689;0.637;0.19837568;0.363;0.637;;;
0.364;0.82293689;0.636;0.19837568;0.364;0.636;;;
0.365;0.82293689;0.635;0.19837568;0.365;0.635;;;
0.366;0.82293689;0.634;0.19837568;0.366;0.634;;;
0.367;0.82293689;0.633;0.19837568;0.367;0.633;;;
0.368;0.82293689;0.632;0.19837568;0.368;0.632;;;
0.369;0.82293689;0.631;0.19837568;0.369;0.631;;;
0.37;0.82293689;0.63;0.19837568;0.37;0.63;;;
0.371;0.82293689;0.629;0.19837568;0.371;0.629;;;
0.372;0.82293689;0.628;0.19837568;0.372;0.628;;;
0.373;0.82293689;0.627;0.19837568;0.373;0.627;;;
0.374;0.82293689;0.626;0.19837568;0.374;0.626;;;
0.375;0.82293689;0.625;0.19837568;0.375;0.625;;;
0.376;0.82293689;0.624;0.19837568;0.376;0.624;;;
0.377;0.82293689;0.623;0.19837568;0.377;0.623;;;
0.378;0.82293689;0.622;0.19837568;0.378;0.622;;;
0.379;0.82293689;0.621;0.19837568;0.379;0.621;;;
0.38;0.82293689;0.62;0.19837568;0.38;0.62;;;
0.381;0.82293689;0.619;0.19837568;0.381;0.619;;;
0.382;0.82293689;0.618;0.19837568;0.382;0.618;;;
0.383;0.82293689;0.617;0.19837568;0.383;0.617;;;
0.384;0.82293689;0.616;0.19837568;0.384;0.616;;;
0.385;0.82293689;0.615;0.19837568;0.385;0.615;;;
0.386;0.82293689;0.614;0.19837568;0.386;0.614;;;
0.387;0.82293689;0.613;0.19837568;0.387;0.613;;;
0.388;0.82293689;0.612;0.19837568;0.388;0.612;;;
0.389;0.82293689;0.611;0.19837568;0.389;0.611;;;
0.39;0.82293689;0.61;0.19837568;0.39;0.61;;;
0.391;0.82293689;0.609;0.19837568;0.391;0.609;;;
0.392;0.82293689;0.608;0.19837568;0.392;0.608;;;
0.393;0.82293689;0.607;0.19837568;0.393;0.607;;;
0.394;0.82293689;0.606;0.19837568;0.394;0.606;;;
0.395;0.82293689;0.605;0.19837568;0.395;0.605;;;
0.396;0.82293689;0.604;0.19837568;0.396;0.604;;;
0.397;0.82293689;0.603;0.19837568;0.397;0.603;;;
0.398;0.82293689;0.602;0.19837568;0.398;0.602;;;
0.399;0.82293689;0.601;0.19837568;0.399;0.601;;;
0.4;0.82293689;0.6;0.19837568;0.4;0.6;;;
0.401;0.82293689;0.599;0.19837568;0.401;0.599;;;
0.402;0.82293689;0.598;0.19837568;0.402;0.598;;;
0.403;0.82293689;0.597;0.19837568;0.403;0.597;;;
0.404;0.82293689;0.596;0.19837568;0.404;0.596;;;
0.405;0.82293689;0.595;0.19837568;0.405;0.595;;;
0.406;0.82293689;0.594;0.19837568;0.406;0.594;;;
0.407;0.82293689;0.593;0.19837568;0.407;0.593;;;
0.408;0.82293689;0.592;0.19837568;0.408;0.592;;;
0.409;0.82293689;0.591;0.19837568;0.409;0.591;;;
0.41;0.82293689;0.59;0.19837568;0.41;0.59;;;
0.411;0.82293689;0.589;0.19837568;0.411;0.589;;;
0.412;0.82293689;0.588;0.19837568;0.412;0.588;;;
0.413;0.82293689;0.587;0.19837568;0.413;0.587;;;
0.414;0.82293689;0.586;0.19837568;0.414;0.586;;;
0.415;0.82293689;0.585;0.19837568;0.415;0.585;;;
0.416;0.82293689;0.584;0.19837568;0.416;0.584;;;
0.417;0.82293689;0.583;0.19837568;0.417;0.583;;;
0.418;0.82293689;0.582;0.19837568;0.418;0.582;;;
0.419;0.82293689;0.581;0.19837568;0.419;0.581;;;
0.42;0.82293689;0.58;0.19837568;0.42;0.58;;;
0.421;0.82293689;0.579;0.19837568;0.421;0.579;;;
0.422;0.82293689;0.578;0.19837568;0.422;0.578;;;
0.423;0.82293689;0.577;0.19837568;0.423;0.577;;;
0.424;0.82293689;0.576;0.19837568;0.424;0.576;;;
0.425;0.82293689;0.575;0.19837568;0.425;0.575;;;
0.426;0.82293689;0.574;0.19837568;0.426;0.574;;;
0.427;0.82293689;0.573;0.19837568;0.427;0.573;;;
0.428;0.82293689;0.572;0.19837568;0.428;0.572;;;
0.429;0.82293689;0.571;0.19837568;0.429;0.571;;;
0.43;0.82293689;0.57;0.19837568;0.43;0.57;;;
0.431;0.82293689;0.569;0.19837568;0.431;0.569;;;
0.432;0.82293689;0.568;0.19837568;0.432;0.568;;;
0.433;0.82293689;0.567;0.19837568;0.433;0.567;;;
0.434;0.82293689;0.566;0.19837568;0.434;0.566;;;
0.435;0.82293689;0.565;0.19837568;0.435;0.565;;;
0.436;0.82293689;0.564;0.19837568;0.436;0.564;;;
0.437;0.82293689;0.563;0.19837568;0.437;0.563;;;
0.438;0.82293689;0.562;0.19837568;0.438;0.562;;;
0.439;0.82293689;0.561;0.19837568;0.439;0.561;;;
0.44;0.82293689;0.56;0.19837568;0.44;0.56;;;
0.441;0.82293689;0.559;0.19837568;0.441;0.559;;;
0.442;0.82293689;0.558;0.19837568;0.442;0.558;;;
0.443;0.82293689;0.557;0.19837568;0.443;0.557;;;
0.444;0.82293689;0.556;0.19837568;0.444;0.556;;;
0.445;0.82293689;0.555;0.19837568;0.445;0.555;;;
0.446;0.82293689;0.554;0.19837568;0.446;0.554;;;
0.447;0.82293689;0.553;0.19837568;0.447;0.553;;;
0.448;0.82293689;0.552;0.19837568;0.448;0.552;;;
0.449;0.82293689;0.551;0.19837568;0.449;0.551;;;
0.45;0.82293689;0.55;0.19837568;0.45;0.55;;;
0.451;0.82293689;0.549;0.19837568;0.451;0.549;;;
0.452;0.82293689;0.548;0.19837568;0.452;0.548;;;
0.453;0.82293689;0.547;0.19837568;0.453;0.547;;;
0.454;0.82293689;0.546;0.19837568;0.454;0.546;;;
0.455;0.82293689;0.545;0.19837568;0.455;0.545;;;
0.456;0.82293689;0.544;0.19837568;0.456;0.544;;;
0.457;0.82293689;0.543;0.19837568;0.457;0.543;;;
0.458;0.82293689;0.542;0.19837568;0.458;0.542;;;
0.459;0.82293689;0.541;0.19837568;0.459;0.541;;;
0.46;0.82293689;0.54;0.19837568;0.46;0.54;;;
0.461;0.82293689;0.539;0.19837568;0.461;0.539;;;
0.462;0.82293689;0.538;0.19837568;0.462;0.538;;;
0.463;0.82293689;0.537;0.19837568;0.463;0.537;;;
0.464;0.82293689;0.536;0.19837568;0.464;0.536;;;
0.465;0.82293689;0.535;0.19837568;0.465;0.535;;;
0.466;0.82293689;0.534;0.19837568;0.466;0.534;;;
0.467;0.82293689;0.533;0.19837568;0.467;0.533;;;
0.468;0.82293689;0.532;0.19837568;0.468;0.532;;;
0.469;0.82293689;0.531;0.19837568;0.469;0.531;;;
0.47;0.82293689;0.53;0.19837568;0.47;0.53;;;
0.471;0.82293689;0.529;0.19837568;0.471;0.529;;;
0.472;0.82293689;0.528;0.19837568;0.472;0.528;;;
0.473;0.82293689;0.527;0.19837568;0.473;0.527;;;
0.474;0.82293689;0.526;0.19837568;0.474;0.526;;;
0.475;0.82293689;0.525;0.19837568;0.475;0.525;;;
0.476;0.82293689;0.524;0.19837568;0.476;0.524;;;
0.477;0.82293689;0.523;0.19837568;0.477;0.523;;;
0.478;0.82293689;0.522;0.19837568;0.478;0.522;;;
0.479;0.82293689;0.521;0.19837568;0.479;0.521;;;
0.48;0.82293689;0.52;0.19837568;0.48;0.52;;;
0.481;0.82293689;0.519;0.19837568;0.481;0.519;;;
0.482;0.82293689;0.518;0.19837568;0.482;0.518;;;
0.483;0.82293689;0.517;0.19837568;0.483;0.517;;;
0.484;0.82293689;0.516;0.19837568;0.484;0.516;;;
0.485;0.82293689;0.515;0.19837568;0.485;0.515;;;
0.486;0.82293689;0.514;0.19837568;0.486;0.514;;;
0.487;0.82293689;0.513;0.19837568;0.487;0.513;;;
0.488;0.82293689;0.512;0.19837568;0.488;0.512;;;
0.489;0.82293689;0.511;0.19837568;0.489;0.511;;;
0.49;0.82293689;0.51;0.19837568;0.49;0.51;;;
0.491;0.82293689;0.509;0.19837568;0.491;0.509;;;
0.492;0.82293689;0.508;0.19837568;0.492;0.508;;;
0.493;0.82293689;0.507;0.19837568;0.493;0.507;;;
0.494;0.82293689;0.506;0.19837568;0.494;0.506;;;
0.495;0.82293689;0.505;0.19837568;0.495;0.505;;;
0.496;0.82293689;0.504;0.19837568;0.496;0.504;;;
0.497;0.82293689;0.503;0.19837568;0.497;0.503;;;
0.498;0.82293689;0.502;0.19837568;0.498;0.502;;;
0.499;0.82293689;0.501;0.19837568;0.499;0.501;;;
0.5;0.82293689;0.5;0.19837568;0.5;0.5;;;
0.501;0.82293689;0.499;0.19837568;0.501;0.499;;;
0.502;0.82293689;0.498;0.19837568;0.502;0.498;;;
0.503;0.82293689;0.497;0.19837568;0.503;0.497;;;
0.504;0.82293689;0.496;0.19837568;0.504;0.496;;;
0.505;0.82293689;0.495;0.19837568;0.505;0.495;;;
0.506;0.82293689;0.494;0.19837568;0.506;0.494;;;
0.507;0.82293689;0.493;0.19837568;0.507;0.493;;;
0.508;0.82293689;0.492;0.19837568;0.508;0.492;;;
0.509;0.82293689;0.491;0.19837568;0.509;0.491;;;
0.51;0.82293689;0.49;0.19837568;0.51;0.49;;;
0.511;0.82293689;0.489;0.19837568;0.511;0.489;;;
0.512;0.82293689;0.488;0.19837568;0.512;0.488;;;
0.513;0.82293689;0.487;0.19837568;0.513;0.487;;;
0.514;0.82293689;0.486;0.19837568;0.514;0.486;;;
0.515;0.82293689;0.485;0.19837568;0.515;0.485;;;
0.516;0.82293689;0.484;0.19837568;0.516;0.484;;;
0.517;0.82293689;0.483;0.19837568;0.517;0.483;;;
0.518;0.82293689;0.482;0.19837568;0.518;0.482;;;
0.519;0.82293689;0.481;0.19837568;0.519;0.481;;;
0.52;0.82293689;0.48;0.19837568;0.52;0.48;;;
0.521;0.82293689;0.479;0.19837568;0.521;0.479;;;
0.522;0.82293689;0.478;0.19837568;0.522;0.478;;;
0.523;0.82293689;0.477;0.19837568;0.523;0.477;;;
0.524;0.82293689;0.476;0.19837568;0.524;0.476;;;
0.525;0.82293689;0.475;0.19837568;0.525;0.475;;;
0.526;0.82293689;0.474;0.19837568;0.526;0.474;;;
0.527;0.82293689;0.473;0.19837568;0.527;0.473;;;
0.528;0.82293689;0.472;0.19837568;0.528;0.472;;;
0.529;0.82293689;0.471;0.19837568;0.529;0.471;;;
0.53;0.82293689;0.47;0.19837568;0.53;0.47;;;
0.531;0.82293689;0.469;0.19837568;0.531;0.469;;;
0.532;0.82293689;0.468;0.19837568;0.532;0.468;;;
0.533;0.82293689;0.467;0.19837568;0.533;0.467;;;
0.534;0.82293689;0.466;0.19837568;0.534;0.466;;;
0.535;0.82293689;0.465;0.19837568;0.535;0.465;;;
0.536;0.82293689;0.464;0.19837568;0.536;0.464;;;
0.537;0.82293689;0.463;0.19837568;0.537;0.463;;;
0.538;0.82293689;0.462;0.19837568;0.538;0.462;;;
0.539;0.82293689;0.461;0.19837568;0.539;0.461;;;
0.54;0.82293689;0.46;0.19837568;0.54;0.46;;;
0.541;0.82293689;0.459;0.19837568;0.541;0.459;;;
0.542;0.82293689;0.458;0.19837568;0.542;0.458;;;
0.543;0.82293689;0.457;0.19837568;0.543;0.457;;;
0.544;0.82293689;0.456;0.19837568;0.544;0.456;;;
0.545;0.82293689;0.455;0.19837568;0.545;0.455;;;
0.546;0.82293689;0.454;0.19837568;0.546;0.454;;;
0.547;0.82293689;0.453;0.19837568;0.547;0.453;;;
0.548;0.82293689;0.452;0.19837568;0.548;0.452;;;
0.549;0.82293689;0.451;0.19837568;0.549;0.451;;;
0.55;0.82293689;0.45;0.19837568;0.55;0.45;;;
0.551;0.82293689;0.449;0.19837568;0.551;0.449;;;
0.552;0.82293689;0.448;0.19837568;0.552;0.448;;;
0.553;0.82293689;0.447;0.19837568;0.553;0.447;;;
0.554;0.82293689;0.446;0.19837568;0.554;0.446;;;
0.555;0.82293689;0.445;0.19837568;0.555;0.445;;;
0.556;0.82293689;0.444;0.19837568;0.556;0.444;;;
0.557;0.82293689;0.443;0.19837568;0.557;0.443;;;
0.558;0.82293689;0.442;0.19837568;0.558;0.442;;;
0.559;0.82293689;0.441;0.19837568;0.559;0.441;;;
0.56;0.82293689;0.44;0.19837568;0.56;0.44;;;
0.561;0.82293689;0.439;0.19837568;0.561;0.439;;;
0.562;0.82293689;0.438;0.19837568;0.562;0.438;;;
0.563;0.82293689;0.437;0.19837568;0.563;0.437;;;
0.564;0.82293689;0.436;0.19837568;0.564;0.436;;;
0.565;0.82293689;0.435;0.19837568;0.565;0.435;;;
0.566;0.82293689;0.434;0.19837568;0.566;0.434;;;
0.567;0.82293689;0.433;0.19837568;0.567;0.433;;;
0.568;0.82293689;0.432;0.19837568;0.568;0.432;;;
0.569;0.82293689;0.431;0.19837568;0.569;0.431;;;
0.57;0.82293689;0.43;0.19837568;0.57;0.43;;;
0.571;0.82293689;0.429;0.19837568;0.571;0.429;;;
0.572;0.82293689;0.428;0.19837568;0.572;0.428;;;
0.573;0.82293689;0.427;0.19837568;0.573;0.427;;;
0.574;0.82293689;0.426;0.19837568;0.574;0.426;;;
0.575;0.82293689;0.425;0.19837568;0.575;0.425;;;
0.576;0.82293689;0.424;0.19837568;0.576;0.424;;;
0.577;0.82293689;0.423;0.19837568;0.577;0.423;;;
0.578;0.82293689;0.422;0.19837568;0.578;0.422;;;
0.579;0.82293689;0.421;0.19837568;0.579;0.421;;;
0.58;0.82293689;0.42;0.19837568;0.58;0.42;;;
0.581;0.82293689;0.419;0.19837568;0.581;0.419;;;
0.582;0.82293689;0.418;0.19837568;0.582;0.418;;;
0.583;0.82293689;0.417;0.19837568;0.583;0.417;;;
0.584;0.82293689;0.416;0.19837568;0.584;0.416;;;
0.585;0.82293689;0.415;0.19837568;0.585;0.415;;;
0.586;0.82293689;0.414;0.19837568;0.586;0.414;;;
0.587;0.82293689;0.413;0.19837568;0.587;0.413;;;
0.588;0.82293689;0.412;0.19837568;0.588;0.412;;;
0.589;0.82293689;0.411;0.19837568;0.589;0.411;;;
0.59;0.82293689;0.41;0.19837568;0.59;0.41;;;
0.591;0.82293689;0.409;0.19837568;0.591;0.409;;;
0.592;0.82293689;0.408;0.19837568;0.592;0.408;;;
0.593;0.82293689;0.407;0.19837568;0.593;0.407;;;
0.594;0.82293689;0.406;0.19837568;0.594;0.406;;;
0.595;0.82293689;0.405;0.19837568;0.595;0.405;;;
0.596;0.82293689;0.404;0.19837568;0.596;0.404;;;
0.597;0.82293689;0.403;0.19837568;0.597;0.403;;;
0.598;0.82293689;0.402;0.19837568;0.598;0.402;;;
0.599;0.82293689;0.401;0.19837568;0.599;0.401;;;
0.6;0.82293689;0.4;0.19837568;0.6;0.4;;;
0.601;0.82293689;0.399;0.19837568;0.601;0.399;;;
0.602;0.82293689;0.398;0.19837568;0.602;0.398;;;
0.603;0.82293689;0.397;0.19837568;0.603;0.397;;;
0.604;0.82293689;0.396;0.19837568;0.604;0.396;;;
0.605;0.82293689;0.395;0.19837568;0.605;0.395;;;
0.606;0.82293689;0.394;0.19837568;0.606;0.394;;;
0.607;0.82293689;0.393;0.19837568;0.607;0.393;;;
0.608;0.82293689;0.392;0.19837568;0.608;0.392;;;
0.609;0.82293689;0.391;0.19837568;0.609;0.391;;;
0.61;0.82293689;0.39;0.19837568;0.61;0.39;;;
0.611;0.82293689;0.389;0.19837568;0.611;0.389;;;
0.612;0.82293689;0.388;0.19837568;0.612;0.388;;;
0.613;0.82293689;0.387;0.19837568;0.613;0.387;;;
0.614;0.82293689;0.386;0.19837568;0.614;0.386;;;
0.615;0.82293689;0.385;0.19837568;0.615;0.385;;;
0.616;0.82293689;0.384;0.19837568;0.616;0.384;;;
0.617;0.82293689;0.383;0.19837568;0.617;0.383;;;
0.618;0.82293689;0.382;0.19837568;0.618;0.382;;;
0.619;0.82293689;0.381;0.19837568;0.619;0.381;;;
0.62;0.82293689;0.38;0.19837568;0.62;0.38;;;
0.621;0.82293689;0.379;0.19837568;0.621;0.379;;;
0.622;0.82293689;0.378;0.19837568;0.622;0.378;;;
0.623;0.82293689;0.377;0.19837568;0.623;0.377;;;
0.624;0.82293689;0.376;0.19837568;0.624;0.376;;;
0.625;0.82293689;0.375;0.19837568;0.625;0.375;;;
0.626;0.82293689;0.374;0.19837568;0.626;0.374;;;
0.627;0.82293689;0.373;0.19837568;0.627;0.373;;;
0.628;0.82293689;0.372;0.19837568;0.628;0.372;;;
0.629;0.82293689;0.371;0.19837568;0.629;0.371;;;
0.63;0.82293689;0.37;0.19837568;0.63;0.37;;;
0.631;0.82293689;0.369;0.19837568;0.631;0.369;;;
0.632;0.82293689;0.368;0.19837568;0.632;0.368;;;
0.633;0.82293689;0.367;0.19837568;0.633;0.367;;;
0.634;0.82293689;0.366;0.19837568;0.634;0.366;;;
0.635;0.82293689;0.365;0.19837568;0.635;0.365;;;
0.636;0.82293689;0.364;0.19837568;0.636;0.364;;;
0.637;0.82293689;0.363;0.19837568;0.637;0.363;;;
0.638;0.82293689;0.362;0.19837568;0.638;0.362;;;
0.639;0.82293689;0.361;0.19837568;0.639;0.361;;;
0.64;0.82293689;0.36;0.19837568;0.64;0.36;;;
0.641;0.82293689;0.359;0.19837568;0.641;0.359;;;
0.642;0.82293689;0.358;0.19837568;0.642;0.358;;;
0.643;0.82293689;0.357;0.19837568;0.643;0.357;;;
0.644;0.82293689;0.356;0.19837568;0.644;0.356;;;
0.645;0.82293689;0.355;0.19837568;0.645;0.355;;;
0.646;0.82293689;0.354;0.19837568;0.646;0.354;;;
0.647;0.82293689;0.353;0.19837568;0.647;0.353;;;
0.648;0.82293689;0.352;0.19837568;0.648;0.352;;;
0.649;0.82293689;0.351;0.19837568;0.649;0.351;;;
0.65;0.82293689;0.35;0.19837568;0.65;0.35;;;
0.651;0.82293689;0.349;0.19837568;0.651;0.349;;;
0.652;0.82293689;0.348;0.19837568;0.652;0.348;;;
0.653;0.82293689;0.347;0.19837568;0.653;0.347;;;
0.654;0.82293689;0.346;0.19837568;0.654;0.346;;;
0.655;0.82293689;0.345;0.19837568;0.655;0.345;;;
0.656;0.82293689;0.344;0.19837568;0.656;0.344;;;
0.657;0.82293689;0.343;0.19837568;0.657;0.343;;;
0.658;0.82293689;0.342;0.19837568;0.658;0.342;;;
0.659;0.82293689;0.341;0.19837568;0.659;0.341;;;
0.66;0.82293689;0.34;0.19837568;0.66;0.34;;;
0.661;0.82293689;0.339;0.19837568;0.661;0.339;;;
0.662;0.82293689;0.338;0.19837568;0.662;0.338;;;
0.663;0.82293689;0.337;0.19837568;0.663;0.337;;;
0.664;0.82293689;0.336;0.19837568;0.664;0.336;;;
0.665;0.82293689;0.335;0.19837568;0.665;0.335;;;
0.666;0.82293689;0.334;0.19837568;0.666;0.334;;;
0.667;0.82293689;0.333;0.19837568;0.667;0.333;;;
0.668;0.82293689;0.332;0.19837568;0.668;0.332;;;
0.669;0.82293689;0.331;0.19837568;0.669;0.331;;;
0.67;0.82293689;0.33;0.19837568;0.67;0.33;;;
0.671;0.82293689;0.329;0.19837568;0.671;0.329;;;
0.672;0.82293689;0.328;0.19837568;0.672;0.328;;;
0.673;0.82293689;0.327;0.19837568;0.673;0.327;;;
0.674;0.82293689;0.326;0.19837568;0.674;0.326;;;
0.675;0.82293689;0.325;0.19837568;0.675;0.325;;;
0.676;0.82293689;0.324;0.19837568;0.676;0.324;;;
0.677;0.82293689;0.323;0.19837568;0.677;0.323;;;
0.678;0.82293689;0.322;0.19837568;0.678;0.322;;;
0.679;0.82293689;0.321;0.19837568;0.679;0.321;;;
0.68;0.82293689;0.32;0.19837568;0.68;0.32;;;
0.681;0.82293689;0.319;0.19837568;0.681;0.319;;;
0.682;0.82293689;0.318;0.19837568;0.682;0.318;;;
0.683;0.82293689;0.317;0.19837568;0.683;0.317;;;
0.684;0.82293689;0.316;0.19837568;0.684;0.316;;;
0.685;0.82293689;0.315;0.19837568;0.685;0.315;;;
0.686;0.82293689;0.314;0.19837568;0.686;0.314;;;
0.687;0.82293689;0.313;0.19837568;0.687;0.313;;;
0.688;0.82293689;0.312;0.19837568;0.688;0.312;;;
0.689;0.82293689;0.311;0.19837568;0.689;0.311;;;
0.69;0.82293689;0.31;0.19837568;0.69;0.31;;;
0.691;0.82293689;0.309;0.19837568;0.691;0.309;;;
0.692;0.82293689;0.308;0.19837568;0.692;0.308;;;
0.693;0.82293689;0.307;0.19837568;0.693;0.307;;;
0.694;0.82293689;0.306;0.19837568;0.694;0.306;;;
0.695;0.82293689;0.305;0.19837568;0.695;0.305;;;
0.696;0.82293689;0.304;0.19837568;0.696;0.304;;;
0.697;0.82293689;0.303;0.19837568;0.697;0.303;;;
0.698;0.82293689;0.302;0.19837568;0.698;0.302;;;
0.699;0.82293689;0.301;0.19837568;0.699;0.301;;;
0.7;0.82293689;0.3;0.19837568;0.7;0.3;;;
0.701;0.82293689;0.299;0.19837568;0.701;0.299;;;
0.702;0.82293689;0.298;0.19837568;0.702;0.298;;;
0.703;0.82293689;0.297;0.19837568;0.703;0.297;;;
0.704;0.82293689;0.296;0.19837568;0.704;0.296;;;
0.705;0.82293689;0.295;0.19837568;0.705;0.295;;;
0.706;0.82293689;0.294;0.19837568;0.706;0.294;;;
0.707;0.82293689;0.293;0.19837568;0.707;0.293;;;
0.708;0.82293689;0.292;0.19837568;0.708;0.292;;;
0.709;0.82293689;0.291;0.19837568;0.709;0.291;;;
0.71;0.82293689;0.29;0.19837568;0.71;0.29;;;
0.711;0.82293689;0.289;0.19837568;0.711;0.289;;;
0.712;0.82293689;0.288;0.19837568;0.712;0.288;;;
0.713;0.82293689;0.287;0.19837568;0.713;0.287;;;
0.714;0.82293689;0.286;0.19837568;0.714;0.286;;;
0.715;0.82293689;0.285;0.19837568;0.715;0.285;;;
0.716;0.82293689;0.284;0.19837568;0.716;0.284;;;
0.717;0.82293689;0.283;0.19837568;0.717;0.283;;;
0.718;0.82293689;0.282;0.19837568;0.718;0.282;;;
0.719;0.82293689;0.281;0.19837568;0.719;0.281;;;
0.72;0.82293689;0.28;0.19837568;0.72;0.28;;;
0.721;0.82293689;0.279;0.19837568;0.721;0.279;;;
0.722;0.82293689;0.278;0.19837568;0.722;0.278;;;
0.723;0.82293689;0.277;0.19837568;0.723;0.277;;;
0.724;0.82293689;0.276;0.19837568;0.724;0.276;;;
0.725;0.82293689;0.275;0.19837568;0.725;0.275;;;
0.726;0.82293689;0.274;0.19837568;0.726;0.274;;;
0.727;0.82293689;0.273;0.19837568;0.727;0.273;;;
0.728;0.82293689;0.272;0.19837568;0.728;0.272;;;
0.729;0.82293689;0.271;0.19837568;0.729;0.271;;;
0.73;0.82293689;0.27;0.19837568;0.73;0.27;;;
0.731;0.82293689;0.269;0.19837568;0.731;0.269;;;
0.732;0.82293689;0.268;0.19837568;0.732;0.268;;;
0.733;0.82293689;0.267;0.19837568;0.733;0.267;;;
0.734;0.82293689;0.266;0.19837568;0.734;0.266;;;
0.735;0.82293689;0.265;0.19837568;0.735;0.265;;;
0.736;0.82293689;0.264;0.19837568;0.736;0.264;;;
0.737;0.82293689;0.263;0.19837568;0.737;0.263;;;
0.738;0.82293689;0.262;0.19837568;0.738;0.262;;;
0.739;0.82293689;0.261;0.19837568;0.739;0.261;;;
0.74;0.82293689;0.26;0.19837568;0.74;0.26;;;
0.741;0.82293689;0.259;0.19837568;0.741;0.259;;;
0.742;0.82293689;0.258;0.19837568;0.742;0.258;;;
0.743;0.82293689;0.257;0.19837568;0.743;0.257;;;
0.744;0.82293689;0.256;0.19837568;0.744;0.256;;;
0.745;0.82293689;0.255;0.19837568;0.745;0.255;;;
0.746;0.82293689;0.254;0.19837568;0.746;0.254;;;
0.747;0.82293689;0.253;0.19837568;0.747;0.253;;;
0.748;0.82293689;0.252;0.19837568;0.748;0.252;;;
0.749;0.82293689;0.251;0.19837568;0.749;0.251;;;
0.75;0.82293689;0.25;0.19837568;0.75;0.25;;;
0.751;0.82293689;0.249;0.19837568;0.751;0.249;;;
0.752;0.82293689;0.248;0.19837568;0.752;0.248;;;
0.753;0.82293689;0.247;0.19837568;0.753;0.247;;;
0.754;0.82293689;0.246;0.19837568;0.754;0.246;;;
0.755;0.82293689;0.245;0.19837568;0.755;0.245;;;
0.756;0.82293689;0.244;0.19837568;0.756;0.244;;;
0.757;0.82293689;0.243;0.19837568;0.757;0.243;;;
0.758;0.82293689;0.242;0.19837568;0.758;0.242;;;
0.759;0.82293689;0.241;0.19837568;0.759;0.241;;;
0.76;0.82293689;0.24;0.19837568;0.76;0.24;;;
0.761;0.82293689;0.239;0.19837568;0.761;0.239;;;
0.762;0.82293689;0.238;0.19837568;0.762;0.238;;;
0.763;0.82293689;0.237;0.19837568;0.763;0.237;;;
0.764;0.82293689;0.236;0.19837568;0.764;0.236;;;
0.765;0.82293689;0.235;0.19837568;0.765;0.235;;;
0.766;0.82293689;0.234;0.19837568;0.766;0.234;;;
0.767;0.82293689;0.233;0.19837568;0.767;0.233;;;
0.768;0.82293689;0.232;0.19837568;0.768;0.232;;;
0.769;0.82293689;0.231;0.19837568;0.769;0.231;;;
0.77;0.82293689;0.23;0.19837568;0.77;0.23;;;
0.771;0.82293689;0.229;0.19837568;0.771;0.229;;;
0.772;0.82293689;0.228;0.19837568;0.772;0.228;;;
0.773;0.82293689;0.227;0.19837568;0.773;0.227;;;
0.774;0.82293689;0.226;0.19837568;0.774;0.226;;;
0.775;0.82293689;0.225;0.19837568;0.775;0.225;;;
0.776;0.82293689;0.224;0.19837568;0.776;0.224;;;
0.777;0.82293689;0.223;0.19837568;0.777;0.223;;;
0.778;0.82293689;0.222;0.19837568;0.778;0.222;;;
0.779;0.82293689;0.221;0.19837568;0.779;0.221;;;
0.78;0.82293689;0.22;0.19837568;0.78;0.22;;;
0.781;0.82293689;0.219;0.19837568;0.781;0.219;;;
0.782;0.82293689;0.218;0.19837568;0.782;0.218;;;
0.783;0.82293689;0.217;0.19837568;0.783;0.217;;;
0.784;0.82293689;0.216;0.19837568;0.784;0.216;;;
0.785;0.82293689;0.215;0.19837568;0.785;0.215;;;
0.786;0.82293689;0.214;0.19837568;0.786;0.214;;;
0.787;0.82293689;0.213;0.19837568;0.787;0.213;;;
0.788;0.82293689;0.212;0.19837568;0.788;0.212;;;
0.789;0.82293689;0.211;0.19837568;0.789;0.211;;;
0.79;0.82293689;0.21;0.19837568;0.79;0.21;;;
0.791;0.82293689;0.209;0.19837568;0.791;0.209;;;
0.792;0.82293689;0.208;0.19837568;0.792;0.208;;;
0.793;0.82293689;0.207;0.19837568;0.793;0.207;;;
0.794;0.82293689;0.206;0.19837568;0.794;0.206;;;
0.795;0.82293689;0.205;0.19837568;0.795;0.205;;;
0.796;0.82293689;0.204;0.19837568;0.796;0.204;;;
0.797;0.82293689;0.203;0.19837568;0.797;0.203;;;
0.798;0.82293689;0.202;0.19837568;0.798;0.202;;;
0.799;0.82293689;0.201;0.19837568;0.799;0.201;;;
0.8;0.82293689;0.2;0.19837568;0.8;0.2;;;
0.801;0.82293689;0.199;0.19837568;0.801;0.199;;;
0.802;0.82293689;0.198;0.19837568;0.802;0.198;;;
0.803;0.82293689;0.197;0.19837568;0.803;0.197;;;
0.804;0.82293689;0.196;0.19837568;0.804;0.196;;;
0.805;0.82293689;0.195;0.19837568;0.805;0.195;;;
0.806;0.82293689;0.194;0.19837568;0.806;0.194;;;
0.807;0.82293689;0.193;0.19837568;0.807;0.193;;;
0.808;0.82293689;0.192;0.19837568;0.808;0.192;;;
0.809;0.82318001;0.191;0.19812787;0.809;0.191;;;
0.81;0.8240217;0.19;0.19726933;0.81;0.19;;;
0.811;0.82486434;0.189;0.19640886;0.811;0.189;;;
0.812;0.82570792;0.188;0.19554646;0.812;0.188;;;
0.813;0.82655245;0.187;0.19468214;0.813;0.187;;;
0.814;0.82739792;0.186;0.19381588;0.814;0.186;;;
0.815;0.82824434;0.185;0.1929477;0.815;0.185;;;
0.816;0.8290917;0.184;0.19207758;0.816;0.184;;;
0.817;0.82994001;0.183;0.19120553;0.817;0.183;;;
0.818;0.83078927;0.182;0.19033155;0.818;0.182;;;
0.819;0.83163947;0.181;0.18945564;0.819;0.181;;;
0.82;0.83249061;0.18;0.18857779;0.82;0.18;;;
0.821;0.83334271;0.179;0.18769801;0.821;0.179;;;
0.822;0.83419574;0.178;0.18681629;0.822;0.178;;;
0.823;0.83504972;0.177;0.18593264;0.823;0.177;;;
0.824;0.83590465;0.176;0.18504705;0.824;0.176;;;
0.825;0.83676051;0.175;0.18415952;0.825;0.175;;;
0.826;0.83761733;0.174;0.18327006;0.826;0.174;;;
0.827;0.83847508;0.173;0.18237865;0.827;0.173;;;
0.828;0.83933378;0.172;0.18148531;0.828;0.172;;;
0.829;0.84019342;0.171;0.18059004;0.829;0.171;;;
0.83;0.84105401;0.17;0.17969282;0.83;0.17;;;
0.831;0.84191553;0.169;0.17879366;0.831;0.169;;;
0.832;0.842778;0.168;0.17789257;0.832;0.168;;;
0.833;0.8436414;0.167;0.17698953;0.833;0.167;;;
0.834;0.84450575;0.166;0.17608456;0.834;0.166;;;
0.835;0.84537104;0.165;0.17517765;0.835;0.165;;;
0.836;0.84623726;0.164;0.1742688;0.836;0.164;;;
0.837;0.84710443;0.163;0.17335801;0.837;0.163;;;
0.838;0.84797253;0.162;0.17244528;0.838;0.162;;;
0.839;0.84884157;0.161;0.17153061;0.839;0.161;;;
0.84;0.84971154;0.16;0.170614;0.84;0.16;;;
0.841;0.85058245;0.159;0.16969545;0.841;0.159;;;
0.842;0.8514543;0.158;0.16877496;0.842;0.158;;;
0.843;0.85232708;0.157;0.16785254;0.843;0.157;;;
0.844;0.85320079;0.156;0.16692818;0.844;0.156;;;
0.845;0.85407544;0.155;0.16600188;0.845;0.155;;;
0.846;0.85495102;0.154;0.16507364;0.846;0.154;;;
0.847;0.85582753;0.153;0.16414346;0.847;0.153;;;
0.848;0.85670497;0.152;0.16321135;0.848;0.152;;;
0.849;0.85758334;0.151;0.16227731;0.849;0.151;;;
0.85;0.85846263;0.15;0.16134132;0.85;0.15;;;
0.851;0.85934286;0.149;0.1604034;0.851;0.149;;;
0.852;0.86022401;0.148;0.15946355;0.852;0.148;;;
0.853;0.86110609;0.147;0.15852176;0.853;0.147;;;
0.854;0.86198909;0.146;0.15757804;0.854;0.146;;;
0.855;0.86287302;0.145;0.15663239;0.855;0.145;;;
0.856;0.86375787;0.144;0.15568481;0.856;0.144;;;
0.857;0.86464364;0.143;0.15473529;0.857;0.143;;;
0.858;0.86553033;0.142;0.15378384;0.858;0.142;;;
0.859;0.86641794;0.141;0.15283047;0.859;0.141;;;
0.86;0.86730646;0.14;0.15187516;0.86;0.14;;;
0.861;0.86819591;0.139;0.15091793;0.861;0.139;;;
0.862;0.86908627;0.138;0.14995877;0.862;0.138;;;
0.863;0.86997755;0.137;0.14899768;0.863;0.137;;;
0.864;0.87086974;0.136;0.14803467;0.864;0.136;;;
0.865;0.87176284;0.135;0.14706974;0.865;0.135;;;
0.866;0.87265685;0.134;0.14610288;0.866;0.134;;;
0.867;0.87355178;0.133;0.14513411;0.867;0.133;;;
0.868;0.87444761;0.132;0.14416341;0.868;0.132;;;
0.869;0.87534435;0.131;0.14319079;0.869;0.131;;;
0.87;0.876242;0.13;0.14221625;0.87;0.13;;;
0.871;0.87714055;0.129;0.1412398;0.871;0.129;;;
0.872;0.87804;0.128;0.14026143;0.872;0.128;;;
0.873;0.87894036;0.127;0.13928114;0.873;0.127;;;
0.874;0.87984162;0.126;0.13829895;0.874;0.126;;;
0.875;0.88074377;0.125;0.13731484;0.875;0.125;;;
0.876;0.88164683;0.124;0.13632882;0.876;0.124;;;
0.877;0.88255078;0.123;0.13534089;0.877;0.123;;;
0.878;0.88345563;0.122;0.13435105;0.878;0.122;;;
0.879;0.88436137;0.121;0.13335931;0.879;0.121;;;
0.88;0.88526801;0.12;0.13236567;0.88;0.12;;;
0.881;0.88617553;0.119;0.13137012;0.881;0.119;;;
0.882;0.88708395;0.118;0.13037267;0.882;0.118;;;
0.883;0.88799325;0.117;0.12937332;0.883;0.117;;;
0.884;0.88890344;0.116;0.12837207;0.884;0.116;;;
0.885;0.88981451;0.115;0.12736892;0.885;0.115;;;
0.886;0.89072647;0.114;0.12636389;0.886;0.114;;;
0.887;0.89163931;0.113;0.12535695;0.887;0.113;;;
0.888;0.89255303;0.112;0.12434813;0.888;0.112;;;
0.889;0.89346762;0.111;0.12333742;0.889;0.111;;;
0.89;0.8943831;0.11;0.12232482;0.89;0.11;;;
0.891;0.89529945;0.109;0.12131033;0.891;0.109;;;
0.892;0.89621667;0.108;0.12029396;0.892;0.108;;;
0.893;0.89713477;0.107;0.11927571;0.893;0.107;;;
0.894;0.89805373;0.106;0.11825558;0.894;0.106;;;
0.895;0.89897357;0.105;0.11723357;0.895;0.105;;;
0.896;0.89989427;0.104;0.11620968;0.896;0.104;;;
0.897;0.90081584;0.103;0.11518392;0.897;0.103;;;
0.898;0.90173827;0.102;0.11415629;0.898;0.102;;;
0.899;0.90266156;0.101;0.11312679;0.899;0.101;;;
0.9;0.90358572;0.1;0.11209542;0.9;0.1;;;
0.901;0.90451073;0.099;0.11106218;0.901;0.099;;;
0.902;0.9054366;0.098;0.11002709;0.902;0.098;;;
0.903;0.90636332;0.097;0.10899013;0.903;0.097;;;
0.904;0.9072909;0.096;0.10795131;0.904;0.096;;;
0.905;0.90821933;0.095;0.10691063;0.905;0.095;;;
0.906;0.9091486;0.094;0.1058681;0.906;0.094;;;
0.907;0.91007873;0.093;0.10482372;0.907;0.093;;;
0.908;0.9110097;0.092;0.10377749;0.908;0.092;;;
0.909;0.91194151;0.091;0.10272941;0.909;0.091;;;
0.91;0.91287417;0.09;0.10167949;0.91;0.09;;;
0.911;0.91380767;0.089;0.10062772;0.911;0.089;;;
0.912;0.914742;0.088;0.099574114;0.912;0.088;;;
0.913;0.91567718;0.087;0.09851867;0.913;0.087;;;
0.914;0.91661318;0.086;0.09746139;0.914;0.086;;;
0.915;0.91755002;0.085;0.096402278;0.915;0.085;;;
0.916;0.91848769;0.084;0.095341335;0.916;0.084;;;
0.917;0.91942619;0.083;0.094278565;0.917;0.083;;;
0.918;0.92036551;0.082;0.093213969;0.918;0.082;;;
0.919;0.92130566;0.081;0.092147552;0.919;0.081;;;
0.92;0.92224664;0.08;0.091079314;0.92;0.08;;;
0.921;0.92318843;0.079;0.09000926;0.921;0.079;;;
0.922;0.92413104;0.078;0.088937391;0.922;0.078;;;
0.923;0.92507447;0.077;0.087863711;0.923;0.077;;;
0.924;0.92601872;0.076;0.086788221;0.924;0.076;;;
0.925;0.92696378;0.075;0.085710926;0.925;0.075;;;
0.926;0.92790964;0.074;0.084631827;0.926;0.074;;;
0.927;0.92885632;0.073;0.083550927;0.927;0.073;;;
0.928;0.9298038;0.072;0.08246823;0.928;0.072;;;
0.929;0.93075209;0.071;0.081383738;0.929;0.071;;;
0.93;0.93170118;0.07;0.080297454;0.93;0.07;;;
0.931;0.93265107;0.069;0.079209381;0.931;0.069;;;
0.932;0.93360176;0.068;0.078119522;0.932;0.068;;;
0.933;0.93455325;0.067;0.07702788;0.933;0.067;;;
0.934;0.93550553;0.066;0.075934458;0.934;0.066;;;
0.935;0.9364586;0.065;0.074839258;0.935;0.065;;;
0.936;0.93741246;0.064;0.073742284;0.936;0.064;;;
0.937;0.93836711;0.063;0.07264354;0.937;0.063;;;
0.938;0.93932255;0.062;0.071543027;0.938;0.062;;;
0.939;0.94027877;0.061;0.070440749;0.939;0.061;;;
0.94;0.94123577;0.06;0.06933671;0.94;0.06;;;
0.941;0.94219355;0.059;0.068230911;0.941;0.059;;;
0.942;0.94315211;0.058;0.067123358;0.942;0.058;;;
0.943;0.94411144;0.057;0.066014052;0.943;0.057;;;
0.944;0.94507154;0.056;0.064902997;0.944;0.056;;;
0.945;0.94603242;0.055;0.063790195;0.945;0.055;;;
0.946;0.94699406;0.054;0.062675652;0.946;0.054;;;
0.947;0.94795647;0.053;0.061559368;0.947;0.053;;;
0.948;0.94891964;0.052;0.060441349;0.948;0.052;;;
0.949;0.94988358;0.051;0.059321597;0.949;0.051;;;
0.95;0.95084827;0.05;0.058200115;0.95;0.05;;;
0.951;0.95181372;0.049;0.057076908;0.951;0.049;;;
0.952;0.95277993;0.048;0.055951977;0.952;0.048;;;
0.953;0.95374689;0.047;0.054825327;0.953;0.047;;;
0.954;0.9547146;0.046;0.053696961;0.954;0.046;;;
0.955;0.95568306;0.045;0.052566883;0.955;0.045;;;
0.956;0.95665226;0.044;0.051435095;0.956;0.044;;;
0.957;0.95762221;0.043;0.050301602;0.957;0.043;;;
0.958;0.95859289;0.042;0.049166406;0.958;0.042;;;
0.959;0.95956432;0.041;0.048029512;0.959;0.041;;;
0.96;0.96053649;0.04;0.046890923;0.96;0.04;;;
0.961;0.96150938;0.039;0.045750642;0.961;0.039;;;
0.962;0.96248301;0.038;0.044608673;0.962;0.038;;;
0.963;0.96345737;0.037;0.04346502;0.963;0.037;;;
0.964;0.96443246;0.036;0.042319686;0.964;0.036;;;
0.965;0.96540827;0.035;0.041172674;0.965;0.035;;;
0.966;0.96638481;0.034;0.040023989;0.966;0.034;;;
0.967;0.96736206;0.033;0.038873635;0.967;0.033;;;
0.968;0.96834004;0.032;0.037721613;0.968;0.032;;;
0.969;0.96931873;0.031;0.036567929;0.969;0.031;;;
0.97;0.97029813;0.03;0.035412587;0.97;0.03;;;
0.971;0.97127824;0.029;0.034255589;0.971;0.029;;;
0.972;0.97225907;0.028;0.03309694;0.972;0.028;;;
0.973;0.9732406;0.027;0.031936643;0.973;0.027;;;
0.974;0.97422283;0.026;0.030774702;0.974;0.026;;;
0.975;0.97520576;0.025;0.029611121;0.975;0.025;;;
0.976;0.97618939;0.024;0.028445904;0.976;0.024;;;
0.977;0.97717372;0.023;0.027279054;0.977;0.023;;;
0.978;0.97815875;0.022;0.026110576;0.978;0.022;;;
0.979;0.97914446;0.021;0.024940473;0.979;0.021;;;
0.98;0.98013087;0.02;0.023768749;0.98;0.02;;;
0.981;0.98111796;0.019;0.022595409;0.981;0.019;;;
0.982;0.98210574;0.018;0.021420455;0.982;0.018;;;
0.983;0.9830942;0.017;0.020243892;0.983;0.017;;;
0.984;0.98408333;0.016;0.019065724;0.984;0.016;;;
0.985;0.98507315;0.015;0.017885954;0.985;0.015;;;
0.986;0.98606364;0.014;0.016704587;0.986;0.014;;;
0.987;0.98705481;0.013;0.015521627;0.987;0.013;;;
0.988;0.98804664;0.012;0.014337078;0.988;0.012;;;
0.989;0.98903914;0.011;0.013150944;0.989;0.011;;;
0.99;0.99003231;0.01;0.011963228;0.99;0.01;;;
0.991;0.99102613;0.009;0.010773935;0.991;0.009;;;
0.992;0.99202062;0.008;0.009583069;0.992;0.008;;;
0.993;0.99301577;0.007;0.008390634;0.993;0.007;;;
0.994;0.99401157;0.006;0.007196634;0.994;0.006;;;
0.995;0.99500802;0.005;0.006001073;0.995;0.005;;;
0.996;0.99600513;0.004;0.004803955;0.996;0.004;;;
0.997;0.99700288;0.003;0.003605285;0.997;0.003;;;
0.998;0.99800128;0.002;0.002405066;0.998;0.002;;;
0.999;0.999;0.001;0.001203303;0.999;0.001;;;
1;0.9998;0;0.0001;1;0;;;
